province,accident_count,mean_risk_score,critical_count,high_or_critical_count,actual_fatal_count,critical_rate,high_or_critical_rate,actual_fatal_rate,smoothed_mean_risk,smoothed_critical_rate,high_risk_vehicle,high_risk_road_type,high_risk_peak_hour,high_risk_weather,risk_norm,volume_norm,critical_norm,province_priority_score,evidence_level
กระบี่,117,0.37983837737660064,10,40,15,0.08547008547008547,0.3418803418803419,0.1282051282051282,0.37521123506495,0.0867253186450109,รถจักรยานยนต์,ทางตรง,19,แจ่มใส,0.6703864935657524,0.21618952962223528,0.40721689866833255,48.15,ข้อมูลปานกลาง
กรุงเทพมหานคร,2653,0.09666118420382888,7,81,57,0.002638522427440633,0.030531473803241612,0.02148511119487373,0.10658258973802757,0.005746238338527921,รถจักรยานยนต์,ทางตรง,0,แจ่มใส,0.0,1.0,0.0,30.0,ข้อมูลค่อนข้างมาก
กาญจนบุรี,300,0.5220929623758149,32,267,38,0.10666666666666667,0.89,0.12666666666666668,0.4840190914219409,0.10204848536491841,รถปิคอัพบรรทุก 4 ล้อ,ทางตรง,17,แจ่มใส,0.9419261024812379,0.45195809573789614,0.4842720147037637,70.34,ข้อมูลค่อนข้างมาก
กาฬสินธุ์,138,0.4591083322833711,8,100,17,0.057971014492753624,0.7246376811594203,0.12318840579710146,0.42158276349217266,0.07066972330238389,รถปิคอัพบรรทุก 4 ล้อ,ทางตรง,19,แจ่มใส,0.7861107355049453,0.257427582904661,0.32647864235629004,53.56,ข้อมูลปานกลาง
กำแพงเพชร,226,0.5300023535689937,23,209,31,0.10176991150442478,0.9247787610619469,0.13716814159292035,0.48085975387308116,0.09760550351523732,รถปิคอัพบรรทุก 4 ล้อ,ทางตรง,19,แจ่มใส,0.9340416967850653,0.38091719932141954,0.4619297346628038,67.37,ข้อมูลปานกลาง
ขอนแก่น,318,0.4884240997790457,34,265,41,0.1069182389937107,0.8333333333333334,0.1289308176100629,0.46004452532480483,0.10243874197599848,รถปิคอัพบรรทุก 4 ล้อ,ทางตรง,6,แจ่มใส,0.8820954567916859,0.46658139876748306,0.48623448558201243,67.83,ข้อมูลค่อนข้างมาก
จันทบุรี,351,0.5099849365388806,60,271,75,0.17094017094017094,0.7720797720797721,0.21367521367521367,0.4789012429737892,0.15259289167620257,รถปิคอัพบรรทุก 4 ล้อ,ทางตรง,19,แจ่มใส,0.9291540599777964,0.49136614815610774,0.7384430463481605,75.97,ข้อมูลค่อนข้างมาก
ฉะเชิงเทรา,431,0.3202990215804726,27,96,51,0.06264501160092807,0.22273781902552203,0.11832946635730858,0.3296207648911781,0.06745648615059767,รถปิคอัพบรรทุก 4 ล้อ,ทางตรง,17,แจ่มใส,0.5566114514342129,0.5429282615167017,0.31032033995665786,50.32,ข้อมูลค่อนข้างมาก
ชลบุรี,1513,0.19795456466534903,70,176,84,0.046265697290152015,0.1163251817580965,0.05551883674818242,0.2086081861095505,0.04886509246495187,รถจักรยานยนต์,ทางตรง,20,แจ่มใส,0.2546138805197823,0.8586754742705178,0.21683039601141144,42.83,ข้อมูลค่อนข้างมาก
ชัยนาท,196,0.5014997408234427,38,155,36,0.19387755102040816,0.7908163265306123,0.1836734693877551,0.4570057333021171,0.15817362887151137,รถยนต์นั่งส่วนบุคคล/รถยนต์นั่งสาธารณะ,ทางตรง,19,แจ่มใส,0.8745118830954184,0.3452290273923126,0.7665067201310143,69.41,ข้อมูลปานกลาง
ชัยภูมิ,122,0.49166270105693693,16,99,15,0.13114754098360656,0.8114754098360656,0.12295081967213115,0.4367684566890909,0.11179907272958273,รถปิคอัพบรรทุก 4 ล้อ,ทางตรง,14,แจ่มใส,0.8240079731664681,0.22663812439491957,0.533304480024506,58.67,ข้อมูลปานกลาง
ชุมพร,382,0.4070695983969549,19,195,30,0.049738219895287955,0.5104712041884817,0.07853403141361257,0.39933679345159473,0.057716585365077525,รถปิคอัพบรรทุก 4 ล้อ,ทางตรง,6,แจ่มใส,0.730593953840346,0.5126169183689274,0.2613416138930174,57.14,ข้อมูลค่อนข้างมาก
ตรัง,396,0.42796504501128074,79,174,38,0.1994949494949495,0.4393939393939394,0.09595959595959595,0.41623771306552226,0.17705523013299873,รถจักรยานยนต์,ทางตรง,17,แจ่มใส,0.7727716904113237,0.521655966058436,0.8614560215863359,71.52,ข้อมูลค่อนข้างมาก
ตราด,155,0.46258270635187565,31,87,24,0.2,0.5612903225806452,0.15483870967741936,0.4261963425120494,0.15615448684693084,รถจักรยานยนต์,ทางตรง,17,แจ่มใส,0.7976243291433289,0.286477904681651,0.7563531255222748,63.6,ข้อมูลปานกลาง
ตาก,441,0.35583499246573613,24,137,41,0.05442176870748299,0.31065759637188206,0.09297052154195011,0.35841585865697134,0.06066431450271232,รถปิคอัพบรรทุก 4 ล้อ,ทางตรง,20,แจ่มใส,0.6284721493804588,0.5486899546096872,0.2761647646746622,53.41,ข้อมูลค่อนข้างมาก
นครนายก,100,0.4103763486299911,8,49,11,0.08,0.49,0.11,0.39008691359515496,0.08409697072983682,รถยนต์นั่งส่วนบุคคล/รถยนต์นั่งสาธารณะ,ทางตรง,7,แจ่มใส,0.7075100622646113,0.17702237633649667,0.3939998099759474,48.57,ข้อมูลปานกลาง
นครปฐม,142,0.34012279308762244,5,26,15,0.035211267605633804,0.18309859154929578,0.1056338028169014,0.3523850598118771,0.05710493448746845,รถจักรยานยนต์,ทางตรง,23,แจ่มใส,0.6134217585844854,0.2645706151905282,0.2582658247817426,43.77,ข้อมูลปานกลาง
นครพนม,103,0.42397391716396055,8,52,15,0.07766990291262135,0.5048543689320388,0.14563106796116504,0.3972860163739893,0.08285415835451904,รถปิคอัพบรรทุก 4 ล้อ,ทางตรง,11,แจ่มใส,0.725476058641687,0.18439192685677896,0.38775011932512615,49.56,ข้อมูลปานกลาง
นครราชสีมา,1121,0.3591559960816963,58,395,74,0.05173951828724353,0.35236396074933096,0.06601248884924175,0.36002753436823376,0.0547251385306858,รถปิคอัพบรรทุก 4 ล้อ,ทางตรง,20,แจ่มใส,0.6324942283643415,0.7832330219536151,0.24629862133467054,60.05,ข้อมูลค่อนข้างมาก
นครศรีธรรมราช,506,0.5012086293049501,58,413,64,0.11462450592885376,0.8162055335968379,0.12648221343873517,0.4795236209312486,0.11026302664351051,รถปิคอัพบรรทุก 4 ล้อ,ทางตรง,14,แจ่มใส,0.9307072591016875,0.58323376705689,0.5255802144362256,74.54,ข้อมูลค่อนข้างมาก
นครสวรรค์,463,0.4943507996830589,57,381,44,0.12311015118790497,0.8228941684665226,0.09503239740820735,0.47222765205912637,0.11690833773706459,รถปิคอัพบรรทุก 4 ล้อ,ทางตรง,10,แจ่มใส,0.9124995248394149,0.5609198422140067,0.5589972767683934,73.63,ข้อมูลค่อนข้างมาก
นนทบุรี,139,0.42596467327246446,20,75,15,0.14388489208633093,0.539568345323741,0.1079136690647482,0.40246375498286374,0.12058323910446596,รถจักรยานยนต์,ทางตรง,1,แจ่มใส,0.738397562327115,0.25923242934722157,0.5774771351723347,56.25,ข้อมูลปานกลาง
นราธิวาส,118,0.4336827148461571,8,73,18,0.06779661016949153,0.6186440677966102,0.15254237288135594,0.40437756058659824,0.0771531841558136,รถจักรยานยนต์,ทางตรง,14,แจ่มใส,0.7431736331236328,0.2183142257803543,0.3590818135874138,50.89,ข้อมูลปานกลาง
น่าน,195,0.2864781285780497,12,35,19,0.06153846153846154,0.1794871794871795,0.09743589743589744,0.3147219760296664,0.07057421744395717,รถจักรยานยนต์,ทางตรง,13,แจ่มใส,0.519430208863861,0.3439477269141706,0.3259983751153435,42.81,ข้อมูลปานกลาง
บึงกาฬ,94,0.4909420189061188,16,65,20,0.1702127659574468,0.6914893617021277,0.2127659574468085,0.4284963795526136,0.1279350213709658,รถปิคอัพบรรทุก 4 ล้อ,ทางตรง,21,แจ่มใส,0.8033642745792249,0.16160276255663242,0.6144468063876453,57.31,ข้อมูลค่อนข้างน้อย
บุรีรัมย์,159,0.5125635723433799,14,144,10,0.0880503144654088,0.9056603773584906,0.06289308176100629,0.45744152841169605,0.0881057689033489,รถปิคอัพบรรทุก 4 ล้อ,ทางตรง,6,แจ่มใส,0.8755994482546299,0.2928522958013156,0.41415872451815383,60.85,ข้อมูลปานกลาง
ปทุมธานี,485,0.3097334359384829,40,80,44,0.08247422680412371,0.16494845360824742,0.09072164948453608,0.3200007936516172,0.08345195580507242,รถจักรยานยนต์,ทางตรง,3,แจ่มใส,0.5326039641476503,0.5725830853861726,0.39075624415298116,51.62,ข้อมูลค่อนข้างมาก
ประจวบคีรีขันธ์,337,0.5154284366252273,33,287,36,0.09792284866468842,0.8516320474777448,0.10682492581602374,0.48210327459664415,0.09569655410976514,รถปิคอัพบรรทุก 4 ล้อ,ทางตรง,14,แจ่มใส,0.9371450125038011,0.481147789232018,0.4523302621364542,70.34,ข้อมูลค่อนข้างมาก
ปราจีนบุรี,249,0.49352850973414325,30,205,28,0.12048192771084337,0.8232931726907631,0.11244979919678715,0.4580754922058267,0.1112303557191042,รถยนต์นั่งส่วนบุคคล/รถยนต์นั่งสาธารณะ,ทางตรง,14,แจ่มใส,0.8771815608564996,0.4052162313197756,0.5304445910710814,66.62,ข้อมูลปานกลาง
ปัตตานี,90,0.36638551472411324,3,32,9,0.03333333333333333,0.35555555555555557,0.1,0.3681812851642214,0.06220733761035455,รถจักรยานยนต์,ทางตรง,17,แจ่มใส,0.6528426331254151,0.1507720604026849,0.2839241153870874,42.84,ข้อมูลค่อนข้างน้อย
พะเยา,182,0.45210766601270996,18,125,26,0.0989010989010989,0.6868131868131868,0.14285714285714285,0.42291965627781947,0.09510423456016796,รถจักรยานยนต์,ทางตรง,17,แจ่มใส,0.7894470694456253,0.3266687846789674,0.4493516838530914,58.26,ข้อมูลปานกลาง
พังงา,94,0.3390335994324054,3,34,14,0.031914893617021274,0.3617021276595745,0.14893617021276595,0.354891269085969,0.06092471209261528,รถปิคอัพบรรทุก 4 ล้อ,ทางตรง,17,แจ่มใส,0.619676225025902,0.16160276255663242,0.27747421766646785,41.38,ข้อมูลค่อนข้างน้อย
พัทลุง,243,0.39382737652004424,10,111,23,0.0411522633744856,0.4567901234567901,0.09465020576131687,0.3868215753656053,0.05486703832643547,รถยนต์นั่งส่วนบุคคล/รถยนต์นั่งสาธารณะ,ทางตรง,19,แจ่มใส,0.6993611225141617,0.3990999386343683,0.24701218827724575,51.88,ข้อมูลปานกลาง
พิจิตร,121,0.5831079976325452,21,119,7,0.17355371900826447,0.9834710743801653,0.05785123966942149,0.4865874007672844,0.13492938527587042,รถปิคอัพบรรทุก 4 ล้อ,ทางตรง,7,แจ่มใส,0.9483355451314124,0.22458280685409543,0.649619139374551,67.15,ข้อมูลปานกลาง
พิษณุโลก,197,0.5086335438685714,36,151,42,0.18274111675126903,0.766497461928934,0.2131979695431472,0.46188739393313283,0.15090705099652313,รถยนต์นั่งส่วนบุคคล/รถยนต์นั่งสาธารณะ,ทางตรง,23,แจ่มใส,0.8866944980552707,0.34650384024530606,0.729965513501038,69.33,ข้อมูลปานกลาง
ภูเก็ต,98,0.34436096504896957,2,32,2,0.02040816326530612,0.32653061224489793,0.02040816326530612,0.35720768904460043,0.05464340477761295,รถจักรยานยนต์,ทางตรง,10,แจ่มใส,0.6254570554797904,0.1719867084650332,0.24588760943731533,41.35,ข้อมูลค่อนข้างน้อย
มหาสารคาม,218,0.5282906853046216,38,172,36,0.1743119266055046,0.7889908256880734,0.1651376146788991,0.47845005425295406,0.14723079920115523,รถปิคอัพบรรทุก 4 ล้อ,ทางตรง,16,แจ่มใส,0.9280280787030557,0.3718839434241538,0.7114788642433808,71.79,ข้อมูลปานกลาง
มุกดาหาร,144,0.5454738043026978,33,112,40,0.22916666666666666,0.7777777777777778,0.2777777777777778,0.47347531014598504,0.17139095961462034,รถปิคอัพบรรทุก 4 ล้อ,ทางตรง,19,แจ่มใส,0.9156131657134186,0.268067546412691,0.832972286466318,70.48,ข้อมูลปานกลาง
ยะลา,111,0.32044234174021613,8,28,8,0.07207207207207207,0.25225225225225223,0.07207207207207207,0.34383340184453015,0.07971276846430031,รถจักรยานยนต์,ทางตรง,17,แจ่มใส,0.5920803413580151,0.2030504615879916,0.3719531129407438,43.13,ข้อมูลปานกลาง
ยโสธร,141,0.5387478500267828,26,121,25,0.18439716312056736,0.8581560283687943,0.1773049645390071,0.4686439614514865,0.144478813883682,รถปิคอัพบรรทุก 4 ล้อ,ทางตรง,18,แจ่มใส,0.9035561086316742,0.2628037658304006,0.6976400441194566,67.01,ข้อมูลปานกลาง
ระนอง,82,0.40793942427141033,7,35,6,0.08536585365853659,0.4268292682926829,0.07317073170731707,0.3869823112433381,0.08691974805476574,รถจักรยานยนต์,ทางตรง,11,แจ่มใส,0.6997622530835854,0.12760400212498282,0.4081946195926827,46.98,ข้อมูลค่อนข้างน้อย
ระยอง,303,0.3747352023440832,21,112,25,0.06930693069306931,0.3696369636963696,0.08250825082508251,0.3735099607103947,0.0739935338609612,รถยนต์นั่งส่วนบุคคล/รถยนต์นั่งสาธารณะ,ทางตรง,19,แจ่มใส,0.66614081325956,0.4544550583579482,0.34319298169309476,53.8,ข้อมูลค่อนข้างมาก
ราชบุรี,217,0.5176442145059491,45,173,45,0.2073732718894009,0.7972350230414746,0.2073732718894009,0.47100486562720145,0.16977726859926615,รถยนต์นั่งส่วนบุคคล/รถยนต์นั่งสาธารณะ,ทางตรง,8,แจ่มใส,0.9094479533754696,0.3707316530807204,0.8248575703174749,73.09,ข้อมูลปานกลาง
ร้อยเอ็ด,196,0.5289000497179681,33,164,26,0.1683673469387755,0.8367346938775511,0.1326530612244898,0.47514918108362714,0.1412817369796195,รถปิคอัพบรรทุก 4 ล้อ,ทางตรง,19,แจ่มใส,0.9197904583740797,0.3452290273923126,0.6815630062382019,69.98,ข้อมูลปานกลาง
ลพบุรี,410,0.4927425284234549,75,308,56,0.18292682926829268,0.751219512195122,0.13658536585365855,0.4686356559012713,0.164351753227387,รถปิคอัพบรรทุก 4 ล้อ,ทางตรง,19,แจ่มใส,0.9035353813980647,0.5303817155879473,0.7975744555296533,77.04,ข้อมูลค่อนข้างมาก
ลำปาง,238,0.3929055480871339,23,99,23,0.09663865546218488,0.41596638655462187,0.09663865546218488,0.3860688411265377,0.09414021936676735,รถปิคอัพบรรทุก 4 ล้อ,ทางตรง,12,แจ่มใส,0.6974826077842777,0.39388701948693583,0.4445039716311199,55.58,ข้อมูลปานกลาง
ลำพูน,160,0.450814184083901,10,114,14,0.0625,0.7125,0.0875,0.4196539127286771,0.07238228517679755,รถปิคอัพบรรทุก 4 ล้อ,ทางตรง,7,แจ่มใส,0.7812971181843584,0.29442099246833087,0.3350905472166189,54.6,ข้อมูลปานกลาง
ศรีสะเกษ,164,0.48027411491889627,14,127,18,0.08536585365853659,0.774390243902439,0.10975609756097561,0.43842690417701086,0.08643709903775518,รถปิคอัพบรรทุก 4 ล้อ,ทางตรง,13,แจ่มใส,0.8281467752470747,0.300599830179664,0.40576753799199644,58.54,ข้อมูลปานกลาง
สกลนคร,193,0.5248499608310501,38,154,33,0.19689119170984457,0.7979274611398963,0.17098445595854922,0.4719310249024728,0.1597931540817999,รถปิคอัพบรรทุก 4 ล้อ,ทางตรง,15,แจ่มใส,0.911759265589686,0.3413653965787347,0.774650774508427,71.32,ข้อมูลปานกลาง
สงขลา,258,0.36964568333927544,12,77,25,0.046511627906976744,0.29844961240310075,0.09689922480620156,0.36968808423900823,0.05815473225130549,รถยนต์นั่งส่วนบุคคล/รถยนต์นั่งสาธารณะ,ทางตรง,5,แจ่มใส,0.6566029832065657,0.41412079397955354,0.2635449090588265,50.52,ข้อมูลปานกลาง
สตูล,82,0.4035356494926523,10,34,16,0.12195121951219512,0.4146341463414634,0.1951219512195122,0.3849981929364251,0.10340326453828223,รถจักรยานยนต์,ทางตรง,7,แจ่มใส,0.6948107107304896,0.12760400212498282,0.491084749193581,48.39,ข้อมูลค่อนข้างน้อย
สมุทรปราการ,718,0.287959063729461,55,139,50,0.0766016713091922,0.1935933147632312,0.06963788300835655,0.29796375991905244,0.07801881924934886,รถจักรยานยนต์,ทางตรง,5,แจ่มใส,0.4776086014804073,0.6711914526669143,0.36343480496288744,51.28,ข้อมูลค่อนข้างมาก
สมุทรสงคราม,94,0.33315337451862664,5,17,11,0.05319148936170213,0.18085106382978725,0.11702127659574468,0.3520420879421793,0.07123399044313075,รถจักรยานยนต์,ทางตรง,13,แจ่มใส,0.6125658420129724,0.16160276255663242,0.32931615439280293,42.06,ข้อมูลค่อนข้างน้อย
สมุทรสาคร,253,0.22421656993645742,8,24,19,0.03162055335968379,0.09486166007905138,0.07509881422924901,0.2654576205381179,0.047647008912088853,รถจักรยานยนต์,ทางตรง,21,แจ่มใส,0.3964866616648536,0.40921274381264156,0.21070505839534479,36.31,ข้อมูลปานกลาง
สระบุรี,242,0.4833981148317916,33,169,29,0.13636363636363635,0.6983471074380165,0.11983471074380166,0.4501815545184955,0.12227893025136656,รถยนต์นั่งส่วนบุคคล/รถยนต์นั่งสาธารณะ,ทางตรง,5,แจ่มใส,0.8574815426391715,0.3980659536058998,0.5860042027474024,66.54,ข้อมูลปานกลาง
สระแก้ว,154,0.4419952390871634,18,94,21,0.11688311688311688,0.6103896103896104,0.13636363636363635,0.4135709239191144,0.10558816592900537,รถยนต์นั่งส่วนบุคคล/รถยนต์นั่งสาธารณะ,ทางตรง,18,แจ่มใส,0.76611648272577,0.28485876726507936,0.5020718925997426,56.89,ข้อมูลปานกลาง
สิงห์บุรี,158,0.5261767894707463,41,127,30,0.25949367088607594,0.8037974683544303,0.189873417721519,0.46556465345895265,0.19309842692235413,รถจักรยานยนต์,ทางตรง,17,แจ่มใส,0.895871423756718,0.29127376398124677,0.9421319296920005,72.37,ข้อมูลปานกลาง
สุพรรณบุรี,806,0.40844103951812005,73,339,61,0.09057071960297766,0.4205955334987593,0.07568238213399504,0.4041757458141685,0.09030838205956662,รถจักรยานยนต์,ทางตรง,7,แจ่มใส,0.7426699865468714,0.7002619759711275,0.4252349345102454,66.65,ข้อมูลค่อนข้างมาก
สุราษฎร์ธานี,584,0.4910211855906067,62,456,90,0.10616438356164383,0.7808219178082192,0.1541095890410959,0.4732984214048921,0.10353712594439674,รถปิคอัพบรรทุก 4 ล้อ,ทางตรง,19,แจ่มใส,0.9151717242478286,0.6192629820460258,0.491757893744532,74.17,ข้อมูลค่อนข้างมาก
สุรินทร์,217,0.5238290503382929,23,198,33,0.10599078341013825,0.9124423963133641,0.15207373271889402,0.47523864914650293,0.10037663768443963,รถปิคอัพบรรทุก 4 ล้อ,ทางตรง,7,แจ่มใส,0.9200137338214335,0.3707316530807204,0.475864848002021,66.64,ข้อมูลปานกลาง
สุโขทัย,144,0.37301277280342554,6,40,20,0.041666666666666664,0.2777777777777778,0.1388888888888889,0.37169502926116865,0.06073522190970232,รถจักรยานยนต์,ทางตรง,19,แจ่มใส,0.6616114916422464,0.268067546412691,0.2765213344734028,46.65,ข้อมูลปานกลาง
หนองคาย,65,0.5097340297845617,11,47,7,0.16923076923076924,0.7230769230769231,0.1076923076923077,0.424923998739566,0.12011754027859009,รถยนต์นั่งส่วนบุคคล/รถยนต์นั่งสาธารณะ,ทางตรง,18,แจ่มใส,0.7944490829620912,0.06990073064016117,0.5751352904530699,53.32,ข้อมูลค่อนข้างน้อย
หนองบัวลำภู,136,0.5000224584527014,22,102,17,0.16176470588235295,0.75,0.125,0.44484238222711553,0.13059065316087867,รถปิคอัพบรรทุก 4 ล้อ,ทางตรง,11,แจ่มใส,0.8441571669509214,0.25377860598280266,0.6278010966240927,62.38,ข้อมูลปานกลาง
อยุธยา,418,0.4027934626569787,55,155,39,0.13157894736842105,0.3708133971291866,0.09330143540669857,0.3964235815572374,0.12320346360225361,รถจักรยานยนต์,ทางตรง,0,แจ่มใส,0.7233237764380236,0.535235359882534,0.5906533738967754,64.04,ข้อมูลค่อนข้างมาก
อำนาจเจริญ,61,0.4736252357257074,5,47,9,0.08196721311475409,0.7704918032786885,0.14754098360655737,0.40913594556086974,0.0858347462482445,รถปิคอัพบรรทุก 4 ล้อ,ทางตรง,19,แจ่มใส,0.7550486028017758,0.05415966772557649,0.4027385058775243,47.43,ข้อมูลค่อนข้างน้อย
อุดรธานี,295,0.553897254125831,72,250,48,0.2440677966101695,0.847457627118644,0.16271186440677965,0.5072897160079798,0.2046060611290313,รถปิคอัพบรรทุก 4 ล้อ,ทางตรง,10,แจ่มใส,1.0,0.4477406604336476,1.0,83.43,ข้อมูลปานกลาง
อุตรดิตถ์,210,0.3248941588021288,20,37,24,0.09523809523809523,0.1761904761904762,0.11428571428571428,0.3393791006596094,0.09296578756763667,รถจักรยานยนต์,ทางตรง,11,แจ่มใส,0.5809642396146188,0.3625144901843454,0.4385981441861868,48.7,ข้อมูลปานกลาง
อุทัยธานี,144,0.45652200929088543,15,95,25,0.10416666666666667,0.6597222222222222,0.1736111111111111,0.42097916882753844,0.09762046781134166,รถยนต์นั่งส่วนบุคคล/รถยนต์นั่งสาธารณะ,ทางตรง,9,แจ่มใส,0.784604411746112,0.268067546412691,0.46200498513770794,56.51,ข้อมูลปานกลาง
อุบลราชธานี,232,0.4360785569371359,17,146,28,0.07327586206896551,0.6293103448275862,0.1206896551724138,0.4161143767031548,0.07776925947580532,รถปิคอัพบรรทุก 4 ล้อ,ทางตรง,14,แจ่มใส,0.7724638936333738,0.3874856153314026,0.3621798517499076,57.49,ข้อมูลปานกลาง
อ่างทอง,181,0.3986336347975864,17,67,19,0.09392265193370165,0.3701657458563536,0.10497237569060773,0.38837165748895025,0.0918839649322682,รถจักรยานยนต์,ทางตรง,18,แจ่มใส,0.7032294892631491,0.32528919218295776,0.4331580174668336,53.58,ข้อมูลปานกลาง
เชียงราย,282,0.44894083213186275,27,161,31,0.09574468085106383,0.5709219858156028,0.1099290780141844,0.4282226767466418,0.09376804750253237,รถปิคอัพบรรทุก 4 ล้อ,ทางตรง,16,แจ่มใส,0.8026812250699246,0.4364328014497529,0.44263244293813164,62.08,ข้อมูลปานกลาง
เชียงใหม่,575,0.28791131923256713,23,132,70,0.04,0.22956521739130434,0.12173913043478261,0.30004260209593775,0.04713984317921091,รถจักรยานยนต์,ทางตรง,19,แจ่มใส,0.48279653561134367,0.6153594154721026,0.2081546903734833,46.76,ข้อมูลค่อนข้างมาก
เพชรบุรี,295,0.4264948608029653,31,148,37,0.10508474576271186,0.5016949152542373,0.12542372881355932,0.412141093146599,0.10080859277460093,รถจักรยานยนต์,ทางตรง,5,แจ่มใส,0.7625482138361569,0.4477406604336476,0.4780370066819387,61.12,ข้อมูลปานกลาง
เพชรบูรณ์,415,0.4012329978730101,42,207,49,0.10120481927710843,0.4987951807228916,0.1180722891566265,0.39512901354044866,0.09867843523488809,รถจักรยานยนต์,ทางตรง,16,แจ่มใส,0.7200930676936111,0.5334261904173248,0.46732515192001967,61.35,ข้อมูลค่อนข้างมาก
เลย,252,0.45597550010371235,20,170,36,0.07936507936507936,0.6746031746031746,0.14285714285714285,0.4314931076197937,0.08187327882377092,รถปิคอัพบรรทุก 4 ล้อ,ทางตรง,19,แจ่มใส,0.8108428739619602,0.40821954725617415,0.3828176019519136,60.45,ข้อมูลปานกลาง
แพร่,599,0.2962697841322776,37,105,45,0.06176961602671119,0.17529215358931552,0.07512520868113523,0.3067887675983779,0.06554992009437391,รถจักรยานยนต์,ทางตรง,17,แจ่มใส,0.49963218703895357,0.6256373731656905,0.3007328525020788,49.77,ข้อมูลค่อนข้างมาก
