grid_lat,grid_lon,accident_count,mean_risk_score,max_risk_score,critical_count,actual_fatal_count,main_province,main_vehicle,main_road_type,peak_hour,actual_fatal_rate,risk_norm,count_norm,critical_norm,priority_score
6.425000000000001,101.72500000000001,12,0.4607700277863387,0.6226076056613249,0,2,นราธิวาส,รถปิคอัพบรรทุก 4 ล้อ,ทางตรง,12,0.16666666666666666,0.7175943738607544,0.0058997050147492625,0.0,43.2
6.525,101.17500000000001,12,0.33829629888918644,0.5366169502903052,0,1,ยะลา,รถปิคอัพบรรทุก 4 ล้อ,ทางตรง,0,0.08333333333333333,0.5079310903037616,0.0058997050147492625,0.0,30.62
6.575000000000001,100.42500000000001,12,0.3016226510549354,0.5613697368995606,0,0,สงขลา,รถปิคอัพบรรทุก 4 ล้อ,ทางตรง,16,0.0,0.44514932074239844,0.0058997050147492625,0.0,26.86
6.575000000000001,101.275,21,0.34312379849066027,0.6774524310393557,2,1,ยะลา,รถปิคอัพบรรทุก 4 ล้อ,ไม่ระบุ,15,0.047619047619047616,0.516195306858032,0.032448377581120944,0.15384615384615385,34.09
6.825000000000001,99.92500000000001,11,0.32389638323176234,0.6473086813084735,0,1,สตูล,รถปิคอัพบรรทุก 4 ล้อ,ทางตรง,2,0.09090909090909091,0.4832798150722005,0.0029498525073746312,0.0,29.07
6.925000000000001,100.87500000000001,10,0.30799242927116555,0.4068586648235325,0,0,สงขลา,รถปิคอัพบรรทุก 4 ล้อ,ทางตรง,7,0.0,0.4560537704425143,0.0,0.0,27.36
6.9750000000000005,100.42500000000001,10,0.29809356357639183,0.4242341266405529,0,0,สงขลา,รถปิคอัพบรรทุก 4 ล้อ,ทางตรง,9,0.0,0.43910786127697576,0.0,0.0,26.35
6.9750000000000005,100.525,11,0.4001798361759646,0.7997082209391019,1,0,สงขลา,รถปิคอัพบรรทุก 4 ล้อ,ทางโค้งกว้าง,4,0.0,0.6138697739912898,0.0029498525073746312,0.07692307692307693,38.06
6.9750000000000005,100.57500000000002,11,0.46338515657307633,0.7079778573380759,1,1,สงขลา,รถยนต์นั่งส่วนบุคคล/รถยนต์นั่งสาธารณะ,ทางตรง,9,0.09090909090909091,0.7220712236577608,0.0029498525073746312,0.07692307692307693,44.55
6.9750000000000005,100.67500000000001,10,0.38852869974283577,0.4909359279913022,0,0,สงขลา,รถปิคอัพบรรทุก 4 ล้อ,ทางตรง,8,0.0,0.5939241452941212,0.0,0.0,35.64
7.2250000000000005,100.17500000000001,11,0.3211017636988273,0.40649992291974396,0,1,พัทลุง,รถปิคอัพบรรทุก 4 ล้อ,ทางตรง,0,0.09090909090909091,0.4784956943236627,0.0029498525073746312,0.0,28.78
7.275,100.17500000000001,16,0.38116164534255803,0.5428660271473731,0,2,พัทลุง,รถปิคอัพบรรทุก 4 ล้อ,ทางตรง,4,0.125,0.5813124543656747,0.017699115044247787,0.0,35.32
7.325000000000001,100.12500000000001,12,0.3503228273426062,0.4750522556032307,0,0,พัทลุง,รถปิคอัพบรรทุก 4 ล้อ,ทางตรง,7,0.0,0.5285193541546406,0.0058997050147492625,0.0,31.86
7.375000000000001,99.67500000000001,11,0.4954973730026524,0.8200579628719395,3,2,ตรัง,รถยนต์นั่งส่วนบุคคล/รถยนต์นั่งสาธารณะ,ทางตรง,5,0.18181818181818182,0.777044259912512,0.0029498525073746312,0.23076923076923078,50.16
7.425000000000001,99.62500000000001,12,0.4442161571225624,0.8093582349858935,2,0,ตรัง,รถปิคอัพบรรทุก 4 ล้อ,ทางตรง,7,0.0,0.6892557341361513,0.0058997050147492625,0.15384615384615385,43.81
7.425000000000001,100.07500000000002,11,0.3912441726587162,0.5100635326547764,0,0,พัทลุง,รถปิคอัพบรรทุก 4 ล้อ,ทางตรง,8,0.0,0.5985727746212455,0.0029498525073746312,0.0,35.99
7.525,99.57500000000002,10,0.5904202841019343,0.8891179597434762,4,3,ตรัง,รถจักรยานยนต์,ทางตรง,11,0.3,0.9395431844171838,0.0,0.3076923076923077,60.99
7.525,99.62500000000001,18,0.5189706141148119,0.9066485498354735,6,4,ตรัง,รถจักรยานยนต์,ทางตรง,7,0.2222222222222222,0.8172281985548407,0.02359882005899705,0.46153846153846156,56.55
7.525,99.775,11,0.39121801571003006,0.6870925477785362,1,0,ตรัง,รถปิคอัพบรรทุก 4 ล้อ,ทางโค้งกว้าง,7,0.0,0.5985279964324963,0.0029498525073746312,0.07692307692307693,37.14
7.575000000000001,99.57500000000002,14,0.3571469206828103,0.8535243213242626,1,0,ตรัง,รถยนต์นั่งส่วนบุคคล/รถยนต์นั่งสาธารณะ,ทางตรง,10,0.0,0.5402015477964139,0.011799410029498525,0.07692307692307693,33.86
7.575000000000001,99.62500000000001,30,0.40897800505628007,0.8348130393976848,7,3,ตรัง,รถปิคอัพบรรทุก 4 ล้อ,ทางตรง,10,0.1,0.6289313957231222,0.058997050147492625,0.5384615384615384,47.29
7.575000000000001,99.67500000000001,16,0.43264885453931895,0.7690254394421345,5,1,ตรัง,รถจักรยานยนต์,ทางตรง,16,0.0625,0.6694536209536849,0.017699115044247787,0.38461538461538464,46.38
7.575000000000001,99.775,14,0.21312647959181488,0.7195152605245871,1,0,ตรัง,รถปิคอัพบรรทุก 4 ล้อ,ทางโค้งกว้าง,8,0.0,0.293652358428451,0.011799410029498525,0.07692307692307693,19.07
7.575000000000001,99.82500000000002,11,0.22013996024335647,0.3628645609926241,0,0,พัทลุง,รถปิคอัพบรรทุก 4 ล้อ,ทางโค้งกว้าง,13,0.0,0.3056587649925924,0.0029498525073746312,0.0,18.41
7.575000000000001,100.025,17,0.3857318972346174,0.6390745270009237,0,0,พัทลุง,รถปิคอัพบรรทุก 4 ล้อ,ทางตรง,13,0.0,0.589136287501158,0.02064896755162242,0.0,35.86
7.575000000000001,100.07500000000002,11,0.3606872505091323,0.48347966148437144,0,2,พัทลุง,รถบรรทุกมากกว่า 10 ล้อ (รถพ่วง),ทางตรง,13,0.18181818181818182,0.5462622530835435,0.0029498525073746312,0.0,32.85
7.625000000000001,99.57500000000002,20,0.4276913493126333,0.8462252426706096,4,4,ตรัง,รถปิคอัพบรรทุก 4 ล้อ,ทางตรง,13,0.2,0.6609668472313733,0.029498525073746312,0.3076923076923077,45.01
7.625000000000001,99.62500000000001,18,0.5472718978195978,0.8853112916851724,8,0,ตรัง,รถจักรยานยนต์,ทางตรง,0,0.0,0.8656772833002421,0.02359882005899705,0.6153846153846154,61.76
7.625000000000001,99.67500000000001,12,0.6257358220256845,0.8515928344663616,6,0,ตรัง,รถจักรยานยนต์,ทางตรง,21,0.0,1.0,0.0058997050147492625,0.46153846153846156,67.07
7.625000000000001,100.025,14,0.3997416866835278,0.7479437278729274,1,2,พัทลุง,รถปิคอัพบรรทุก 4 ล้อ,ทางตรง,1,0.14285714285714285,0.6131197040611885,0.011799410029498525,0.07692307692307693,38.24
7.625000000000001,100.07500000000002,13,0.3726056775380699,0.5865789312180089,0,2,พัทลุง,รถปิคอัพบรรทุก 4 ล้อ,ทางตรง,14,0.15384615384615385,0.5666654576582967,0.008849557522123894,0.0,34.22
7.675000000000001,99.57500000000002,17,0.4565092187485324,0.8037790335120703,5,1,ตรัง,รถปิคอัพบรรทุก 4 ล้อ,ทางตรง,17,0.058823529411764705,0.7103002772286027,0.02064896755162242,0.38461538461538464,48.9
7.675000000000001,100.025,12,0.3975637610457772,0.483265902034016,0,1,พัทลุง,รถยนต์นั่งส่วนบุคคล/รถยนต์นั่งสาธารณะ,ทางตรง,1,0.08333333333333333,0.6093913041450139,0.0058997050147492625,0.0,36.71
7.7250000000000005,99.97500000000001,16,0.44816889700614915,0.7723089093160312,2,1,พัทลุง,รถยนต์นั่งส่วนบุคคล/รถยนต์นั่งสาธารณะ,ทางตรง,0,0.0625,0.6960224459077462,0.017699115044247787,0.15384615384615385,44.51
7.775,99.97500000000001,10,0.41084323080805757,0.6318011211622013,0,2,พัทลุง,รถปิคอัพบรรทุก 4 ล้อ,ทางตรง,8,0.2,0.6321244834098794,0.0,0.0,37.93
7.825000000000001,98.32500000000002,14,0.3593463980322448,0.525762625082395,0,0,ภูเก็ต,รถจักรยานยนต์,ทางตรง,16,0.0,0.5439668421770474,0.011799410029498525,0.0,32.93
7.825000000000001,99.57500000000002,11,0.3732610845213707,0.8198064650532323,1,1,ตรัง,รถปิคอัพบรรทุก 4 ล้อ,ทางโค้งกว้าง,7,0.09090909090909091,0.5677874515864837,0.0029498525073746312,0.07692307692307693,35.29
7.875000000000001,98.37500000000001,13,0.376455637880689,0.6499816889973954,0,1,ภูเก็ต,รถจักรยานยนต์,ทางตรง,15,0.07692307692307693,0.5732562207081877,0.008849557522123894,0.0,34.62
7.925000000000001,98.37500000000001,11,0.3877903678876074,0.7408092776507577,1,1,ภูเก็ต,รถจักรยานยนต์,ทางตรง,4,0.09090909090909091,0.592660191934361,0.0029498525073746312,0.07692307692307693,36.79
7.9750000000000005,98.37500000000001,15,0.34602681756025777,0.6744383985119484,1,0,ภูเก็ต,รถจักรยานยนต์,ทางตรง,4,0.0,0.5211649972221712,0.014749262536873156,0.07692307692307693,32.79
7.9750000000000005,99.22500000000001,10,0.24697204235572334,0.45058368495246093,0,0,กระบี่,รถบรรทุกมากกว่า 10 ล้อ (รถพ่วง),ทางโค้งกว้าง,14,0.0,0.35159271744923637,0.0,0.0,21.1
7.9750000000000005,99.62500000000001,12,0.3463645055113347,0.8294646353064372,1,2,ตรัง,รถปิคอัพบรรทุก 4 ล้อ,ทางตรง,8,0.16666666666666666,0.5217430866236941,0.0058997050147492625,0.07692307692307693,32.61
8.025,99.62500000000001,10,0.418512742914798,0.7601793238263805,1,1,ตรัง,รถปิคอัพบรรทุก 4 ล้อ,ทางตรง,2,0.1,0.6452539529382355,0.0,0.07692307692307693,39.87
8.025,99.87500000000001,10,0.4889170457380424,0.6713382189294957,1,1,นครศรีธรรมราช,รถปิคอัพบรรทุก 4 ล้อ,ทางตรง,14,0.1,0.765779370424773,0.0,0.07692307692307693,47.1
8.175,99.62500000000001,19,0.4210558430598669,0.6338931585491365,0,1,นครศรีธรรมราช,รถปิคอัพบรรทุก 4 ล้อ,ทางตรง,14,0.05263157894736842,0.6496074966053607,0.02654867256637168,0.0,39.64
8.175,99.67500000000001,15,0.4919680989873694,0.9216141804834527,2,4,นครศรีธรรมราช,รถปิคอัพบรรทุก 4 ล้อ,ทางตรง,10,0.26666666666666666,0.7710024811140728,0.014749262536873156,0.15384615384615385,48.94
8.175,99.87500000000001,15,0.5362103050229933,0.8469002214080321,3,0,นครศรีธรรมราช,รถปิคอัพบรรทุก 4 ล้อ,ทางตรง,8,0.0,0.8467408967952303,0.014749262536873156,0.23076923076923078,54.63
8.225000000000001,99.57500000000002,14,0.44473773618206375,0.8546173540551176,2,2,นครศรีธรรมราช,รถปิคอัพบรรทุก 4 ล้อ,ทางตรง,2,0.14285714285714285,0.6901486274875201,0.011799410029498525,0.15384615384615385,44.01
8.275,99.525,12,0.45761341300650465,0.6698413336654961,1,1,นครศรีธรรมราช,รถปิคอัพบรรทุก 4 ล้อ,ทางตรง,6,0.08333333333333333,0.7121905519503404,0.0058997050147492625,0.07692307692307693,44.03
8.325000000000001,98.42500000000001,11,0.3716131953743304,0.5413206914919823,0,1,พังงา,รถปิคอัพบรรทุก 4 ล้อ,ทางตรง,8,0.09090909090909091,0.5649664233331795,0.0029498525073746312,0.0,33.97
8.325000000000001,99.47500000000001,15,0.5467559988268935,0.8155357572859684,2,1,นครศรีธรรมราช,รถปิคอัพบรรทุก 4 ล้อ,ทางตรง,12,0.06666666666666667,0.8647941136787394,0.014749262536873156,0.15384615384615385,54.56
8.325000000000001,99.92500000000001,10,0.4892543037248346,0.5498200155830324,0,1,นครศรีธรรมราช,รถยนต์นั่งส่วนบุคคล/รถยนต์นั่งสาธารณะ,ทางตรง,13,0.1,0.7663567237686566,0.0,0.0,45.98
8.375,99.92500000000001,15,0.5375544412538132,0.7911742150079764,1,2,นครศรีธรรมราช,รถยนต์นั่งส่วนบุคคล/รถยนต์นั่งสาธารณะ,ทางตรง,4,0.13333333333333333,0.8490419291736786,0.014749262536873156,0.07692307692307693,52.47
8.425,99.37500000000001,13,0.46935110938115615,0.6629023485239814,1,2,นครศรีธรรมราช,รถปิคอัพบรรทุก 4 ล้อ,ทางตรง,4,0.15384615384615385,0.7322843629697717,0.008849557522123894,0.07692307692307693,45.31
8.825000000000001,99.17500000000001,15,0.5173333778408115,0.7956237311351758,3,2,สุราษฎร์ธานี,รถปิคอัพบรรทุก 4 ล้อ,ทางตรง,19,0.13333333333333333,0.8144254069989977,0.014749262536873156,0.23076923076923078,52.7
9.025,99.07500000000002,11,0.45896863755129674,0.7646425310051418,1,1,สุราษฎร์ธานี,รถบรรทุกมากกว่า 10 ล้อ (รถพ่วง),ทางตรง,14,0.09090909090909091,0.7145105664593846,0.0029498525073746312,0.07692307692307693,44.1
9.025,99.37500000000001,10,0.5877501178532583,0.889728959405668,3,2,สุราษฎร์ธานี,รถปิคอัพบรรทุก 4 ล้อ,ทางตรง,16,0.2,0.9349721157612225,0.0,0.23076923076923078,59.56
9.075000000000001,99.17500000000001,15,0.47255897079597803,0.9023406044710441,2,1,สุราษฎร์ธานี,รถปิคอัพบรรทุก 4 ล้อ,ทางตรง,10,0.06666666666666667,0.7377759142067895,0.014749262536873156,0.15384615384615385,46.94
9.125,99.17500000000001,12,0.4553439451143775,0.5826880851918023,0,2,สุราษฎร์ธานี,รถปิคอัพบรรทุก 4 ล้อ,ทางตรง,7,0.16666666666666666,0.708305440469901,0.0058997050147492625,0.0,42.65
9.125,99.275,10,0.5432045647027925,0.841592432368729,2,4,สุราษฎร์ธานี,รถปิคอัพบรรทุก 4 ล้อ,ทางตรง,18,0.4,0.8587143988982687,0.0,0.15384615384615385,53.83
9.125,99.37500000000001,18,0.5104001364976899,0.7737542697706322,1,4,สุราษฎร์ธานี,รถปิคอัพบรรทุก 4 ล้อ,ทางตรง,11,0.2222222222222222,0.8025563624391422,0.02359882005899705,0.07692307692307693,49.9
9.125,99.67500000000001,11,0.4939048796191795,0.5564243587848755,0,4,สุราษฎร์ธานี,รถปิคอัพบรรทุก 4 ล้อ,ทางตรง,0,0.36363636363636365,0.7743180638962048,0.0029498525073746312,0.0,46.53
9.175,99.57500000000002,10,0.4710075755594648,0.536302814767484,0,1,สุราษฎร์ธานี,รถปิคอัพบรรทุก 4 ล้อ,ทางตรง,8,0.1,0.7351200742784144,0.0,0.0,44.11
9.175,99.67500000000001,10,0.49785551887227575,0.8548654687872536,1,2,สุราษฎร์ธานี,รถปิคอัพบรรทุก 4 ล้อ,ทางตรง,13,0.2,0.7810811795897661,0.0,0.07692307692307693,48.02
9.525,99.12500000000001,13,0.45476358437412334,0.5404697905849617,0,2,สุราษฎร์ธานี,รถปิคอัพบรรทุก 4 ล้อ,ทางตรง,3,0.15384615384615385,0.7073119185158873,0.008849557522123894,0.0,42.66
9.575000000000001,99.12500000000001,43,0.48635431225505465,0.8784149409938412,6,3,สุราษฎร์ธานี,รถปิคอัพบรรทุก 4 ล้อ,ทางตรง,10,0.06976744186046512,0.7613922163651797,0.09734513274336283,0.46153846153846156,55.04
9.625000000000002,99.12500000000001,22,0.43811543879207077,0.5988496982126411,0,1,สุราษฎร์ธานี,รถปิคอัพบรรทุก 4 ล้อ,ทางตรง,13,0.045454545454545456,0.6788118891683759,0.035398230088495575,0.0,41.61
9.675,99.12500000000001,12,0.46832117451275224,0.6754200604832035,1,1,สุราษฎร์ธานี,รถปิคอัพบรรทุก 4 ล้อ,ทางตรง,6,0.08333333333333333,0.73052121320448,0.0058997050147492625,0.07692307692307693,45.13
9.925,99.07500000000002,12,0.3490279315715042,0.4780328937443853,0,0,ชุมพร,รถปิคอัพบรรทุก 4 ล้อ,ทางตรง,6,0.0,0.5263026167230457,0.0058997050147492625,0.0,31.73
9.975000000000001,99.07500000000002,14,0.3827321749515685,0.6062656819823546,0,1,ชุมพร,รถปิคอัพบรรทุก 4 ล้อ,ทางตรง,7,0.07142857142857142,0.5840010505055468,0.011799410029498525,0.0,35.34
10.075000000000001,98.67500000000001,16,0.3216033647775502,0.5130952724772861,0,0,ระนอง,รถปิคอัพบรรทุก 4 ล้อ,ทางโค้งกว้าง,8,0.0,0.4793543872870253,0.017699115044247787,0.0,29.2
10.075000000000001,99.07500000000002,15,0.4286641714914187,0.7241833164263501,2,1,ชุมพร,รถปิคอัพบรรทุก 4 ล้อ,ทางโค้งกว้าง,0,0.06666666666666667,0.6626322255468527,0.014749262536873156,0.15384615384615385,42.43
10.175,99.07500000000002,11,0.40599413225431386,0.4870975027482842,0,0,ชุมพร,รถปิคอัพบรรทุก 4 ล้อ,ทางตรง,6,0.0,0.6238232915197955,0.0029498525073746312,0.0,37.5
10.275,99.07500000000002,17,0.3731552557171552,0.5342053355922268,0,1,ชุมพร,รถปิคอัพบรรทุก 4 ล้อ,ทางตรง,2,0.058823529411764705,0.5676062828184015,0.02064896755162242,0.0,34.57
10.325000000000001,99.07500000000002,11,0.3579515427390889,0.46444819583602404,0,1,ชุมพร,รถปิคอัพบรรทุก 4 ล้อ,ทางตรง,11,0.09090909090909091,0.5415789836258025,0.0029498525073746312,0.0,32.57
10.475000000000001,99.12500000000001,16,0.4734565626947126,0.9236645694604896,1,2,ชุมพร,รถบรรทุกมากกว่า 10 ล้อ (รถพ่วง),ทางตรง,1,0.125,0.7393125054943862,0.017699115044247787,0.07692307692307693,45.96
10.525,99.12500000000001,40,0.39657121404839546,0.8732179556468475,3,5,ชุมพร,รถปิคอัพบรรทุก 4 ล้อ,ทางตรง,17,0.125,0.607692158830916,0.08849557522123894,0.23076923076923078,42.14
10.575000000000001,99.12500000000001,22,0.448670278165279,0.9073865733565941,2,3,ชุมพร,รถปิคอัพบรรทุก 4 ล้อ,ทางตรง,11,0.13636363636363635,0.696880762389847,0.035398230088495575,0.15384615384615385,45.01
10.625000000000002,99.17500000000001,11,0.4011208178193494,0.5583189232390777,0,0,ชุมพร,รถปิคอัพบรรทุก 4 ล้อ,ทางตรง,9,0.0,0.6154806443623928,0.0029498525073746312,0.0,37.0
10.675,99.22500000000001,10,0.33781126335074263,0.4345095184259581,0,2,ชุมพร,รถปิคอัพบรรทุก 4 ล้อ,ทางตรง,11,0.2,0.5071007559573862,0.0,0.0,30.43
10.775,99.17500000000001,13,0.425283200121087,0.7409938921219537,1,0,ชุมพร,รถปิคอัพบรรทุก 4 ล้อ,ทางตรง,7,0.0,0.6568443266602988,0.008849557522123894,0.07692307692307693,40.79
10.875000000000002,99.22500000000001,13,0.43844016040872147,0.6601401512758348,1,1,ชุมพร,รถปิคอัพบรรทุก 4 ล้อ,ทางโค้งกว้าง,4,0.07692307692307693,0.679367781448312,0.008849557522123894,0.07692307692307693,42.14
10.925,99.275,20,0.3628122441205818,0.4695429433575243,0,2,ชุมพร,รถปิคอัพบรรทุก 4 ล้อ,ทางตรง,10,0.1,0.5499000384447474,0.029498525073746312,0.0,33.73
10.975000000000001,99.32500000000002,11,0.4951774032135926,0.9043452427681445,1,2,ชุมพร,รถปิคอัพบรรทุก 4 ล้อ,ทางตรง,9,0.18181818181818182,0.776496502305902,0.0029498525073746312,0.07692307692307693,47.82
11.225000000000001,99.42500000000001,14,0.44066007035857835,0.5848147038149244,0,1,ประจวบคีรีขันธ์,รถปิคอัพบรรทุก 4 ล้อ,ทางโค้งกว้าง,7,0.07142857142857142,0.6831680544822023,0.011799410029498525,0.0,41.29
11.375000000000002,99.525,11,0.4417743321308206,0.9288881306249809,1,2,ประจวบคีรีขันธ์,รถปิคอัพบรรทุก 4 ล้อ,ทางตรง,6,0.18181818181818182,0.6850755638232997,0.0029498525073746312,0.07692307692307693,42.33
11.425,99.525,11,0.418270340824961,0.5430447302821023,0,2,ประจวบคีรีขันธ์,รถปิคอัพบรรทุก 4 ล้อ,ทางโค้งกว้าง,8,0.18181818181818182,0.6448389837970658,0.0029498525073746312,0.0,38.76
11.425,99.57500000000002,12,0.4288785725512348,0.661054909471892,1,1,ประจวบคีรีขันธ์,รถปิคอัพบรรทุก 4 ล้อ,ทางโค้งกว้าง,14,0.08333333333333333,0.6629992596088015,0.0058997050147492625,0.07692307692307693,41.08
11.725000000000001,99.72500000000001,11,0.5157318230383466,0.6326569586261638,0,0,ประจวบคีรีขันธ์,รถปิคอัพบรรทุก 4 ล้อ,ทางตรง,19,0.0,0.8116836987020026,0.0029498525073746312,0.0,48.77
11.775,99.775,13,0.5278671065848837,0.9250313974196961,1,1,ประจวบคีรีขันธ์,รถปิคอัพบรรทุก 4 ล้อ,ทางตรง,14,0.07692307692307693,0.8324581408470499,0.008849557522123894,0.07692307692307693,51.32
11.975000000000001,99.82500000000002,14,0.4202261964730835,0.5367195918129576,0,2,ประจวบคีรีขันธ์,รถปิคอัพบรรทุก 4 ล้อ,ทางโค้งกว้าง,14,0.14285714285714285,0.6481872211785962,0.011799410029498525,0.0,39.19
12.225000000000001,99.87500000000001,14,0.5525486949657189,0.8956172757911912,2,1,ประจวบคีรีขันธ์,รถปิคอัพบรรทุก 4 ล้อ,ทางตรง,21,0.07142857142857142,0.8747106541813473,0.011799410029498525,0.15384615384615385,55.09
12.275,102.47500000000001,13,0.41522410463817,0.7624608450824881,1,1,ตราด,รถปิคอัพบรรทุก 4 ล้อ,ทางตรง,0,0.07692307692307693,0.6396241194570645,0.008849557522123894,0.07692307692307693,39.75
12.275,102.525,23,0.4842725599694382,0.8583389739674877,6,2,ตราด,รถปิคอัพบรรทุก 4 ล้อ,ทางตรง,9,0.08695652173913043,0.7578284560086943,0.038348082595870206,0.46153846153846156,53.35
12.325000000000001,102.47500000000001,16,0.46559691292850364,0.8624576314454346,2,2,ตราด,รถปิคอัพบรรทุก 4 ล้อ,ทางตรง,16,0.125,0.72585753851959,0.017699115044247787,0.15384615384615385,46.3
12.375000000000002,102.37500000000001,10,0.3185990115193652,0.46026403736682736,0,0,ตราด,รถปิคอัพบรรทุก 4 ล้อ,ทางตรง,15,0.0,0.47421122250590575,0.0,0.0,28.45
12.475000000000001,99.87500000000001,11,0.4871441094940466,0.5272519024800753,0,0,ประจวบคีรีขันธ์,รถปิคอัพบรรทุก 4 ล้อ,ทางตรง,2,0.0,0.7627442735284784,0.0029498525073746312,0.0,45.84
12.475000000000001,102.22500000000001,10,0.46839412235829514,0.7095048387761546,1,0,จันทบุรี,รถปิคอัพบรรทุก 4 ล้อ,ทางตรง,1,0.0,0.730646092923279,0.0,0.07692307692307693,44.99
12.525,99.87500000000001,12,0.5279204536070692,0.6201657192818991,0,1,ประจวบคีรีขันธ์,รถปิคอัพบรรทุก 4 ล้อ,ทางตรง,4,0.08333333333333333,0.8325494658351933,0.0058997050147492625,0.0,50.1
12.525,102.17500000000001,16,0.39242690255627705,0.4749277994475263,0,1,จันทบุรี,รถปิคอัพบรรทุก 4 ล้อ,ทางตรง,15,0.0625,0.6005974948295432,0.017699115044247787,0.0,36.48
12.575000000000001,102.17500000000001,11,0.4377961711829709,0.48487444590301715,0,3,จันทบุรี,รถปิคอัพบรรทุก 4 ล้อ,ทางตรง,0,0.2727272727272727,0.6782653336265463,0.0029498525073746312,0.0,40.77
12.625000000000002,102.07500000000002,15,0.47739311433151976,0.8649779231422882,1,3,จันทบุรี,รถปิคอัพบรรทุก 4 ล้อ,ทางตรง,2,0.2,0.7460515045392976,0.014749262536873156,0.07692307692307693,46.29
12.625000000000002,102.12500000000001,10,0.5032848946094753,0.8741120906995122,1,2,จันทบุรี,รถปิคอัพบรรทุก 4 ล้อ,ทางโค้งกว้าง,10,0.2,0.7903757503926349,0.0,0.07692307692307693,48.58
12.675,99.87500000000001,18,0.33297823784980474,0.5059599050238719,0,0,เพชรบุรี,รถบรรทุกมากกว่า 6 ล้อ ไม่เกิน 10 ล้อ,ทางตรง,9,0.0,0.4988270795929453,0.02359882005899705,0.0,30.52
12.675,99.97500000000001,13,0.4371809000653044,0.7194949829357357,1,3,เพชรบุรี,รถปิคอัพบรรทุก 4 ล้อ,ทางตรง,2,0.23076923076923078,0.6772120484529066,0.008849557522123894,0.07692307692307693,42.01
12.675,100.92500000000001,11,0.16467078928023204,0.317704630486085,0,1,ชลบุรี,รถยนต์นั่งส่วนบุคคล/รถยนต์นั่งสาธารณะ,ทางตรง,2,0.09090909090909091,0.21070086157087922,0.0029498525073746312,0.0,12.72
12.675,101.32500000000002,22,0.4561814888358486,0.8559403935217057,3,3,ระยอง,รถปิคอัพบรรทุก 4 ล้อ,ทางตรง,4,0.13636363636363635,0.7097392350342326,0.035398230088495575,0.23076923076923078,46.93
12.675,102.07500000000002,19,0.5309458664697324,0.9365606047736996,5,8,จันทบุรี,รถปิคอัพบรรทุก 4 ล้อ,ทางตรง,9,0.42105263157894735,0.8377286826404088,0.02654867256637168,0.38461538461538464,56.7
12.725000000000001,99.92500000000001,16,0.4275985795948102,0.8541683057939559,1,2,เพชรบุรี,รถบรรทุกมากกว่า 10 ล้อ (รถพ่วง),ทางตรง,1,0.125,0.6608080343673526,0.017699115044247787,0.07692307692307693,41.24
12.725000000000001,101.025,12,0.42511809056080513,0.921963834976342,1,0,ระยอง,รถยนต์นั่งส่วนบุคคล/รถยนต์นั่งสาธารณะ,ทางตรง,13,0.0,0.6565616749204761,0.0058997050147492625,0.07692307692307693,40.7
12.725000000000001,101.17500000000001,11,0.36547859154864515,0.8800692324730247,2,1,ระยอง,รถปิคอัพบรรทุก 4 ล้อ,ทางตรง,9,0.09090909090909091,0.5544645696458915,0.0029498525073746312,0.15384615384615385,35.65
12.725000000000001,101.22500000000001,11,0.2128711918814102,0.4250623891555634,0,0,ระยอง,รถปิคอัพบรรทุก 4 ล้อ,ทางตรง,9,0.0,0.2932153303400833,0.0029498525073746312,0.0,17.67
12.725000000000001,101.57500000000002,13,0.38791952150790715,0.505131180973458,0,1,ระยอง,รถปิคอัพบรรทุก 4 ล้อ,ทางตรง,2,0.07692307692307693,0.5928812905516658,0.008849557522123894,0.0,35.79
12.725000000000001,101.92500000000001,12,0.5388879650870176,0.8947787104485179,2,3,จันทบุรี,รถปิคอัพบรรทุก 4 ล้อ,ทางตรง,7,0.25,0.8513247941447118,0.0058997050147492625,0.15384615384615385,53.53
12.725000000000001,101.97500000000001,10,0.5587653394590425,0.9131196198041586,3,5,จันทบุรี,รถปิคอัพบรรทุก 4 ล้อ,ทางตรง,8,0.5,0.8853529536272249,0.0,0.23076923076923078,56.58
12.725000000000001,102.07500000000002,11,0.49757142017006845,0.8734015662158393,2,2,จันทบุรี,รถปิคอัพบรรทุก 4 ล้อ,ไม่ระบุ,8,0.18181818181818182,0.78059482984525,0.0029498525073746312,0.15384615384615385,49.22
12.725000000000001,102.22500000000001,14,0.4107049935146554,0.5734936322620139,0,1,จันทบุรี,รถปิคอัพบรรทุก 4 ล้อ,ทางตรง,3,0.07142857142857142,0.631887834414983,0.011799410029498525,0.0,38.21
12.775,99.92500000000001,12,0.3858320050552831,0.5251886738584844,0,0,เพชรบุรี,รถปิคอัพบรรทุก 4 ล้อ,ทางตรง,7,0.0,0.5893076624938156,0.0058997050147492625,0.0,35.51
12.775,101.17500000000001,42,0.2718655025776497,0.5159552314886369,0,0,ระยอง,รถปิคอัพบรรทุก 4 ล้อ,ทางตรง,9,0.0,0.3942079350654759,0.0943952802359882,0.0,26.01
12.775,101.62500000000001,21,0.4267196393132149,0.9003303808581371,2,1,ระยอง,รถยนต์นั่งส่วนบุคคล/รถยนต์นั่งสาธารณะ,ไม่ระบุ,17,0.047619047619047616,0.6593033728603569,0.032448377581120944,0.15384615384615385,42.68
12.775,101.72500000000001,12,0.36660812966056944,0.9008248713884845,1,0,ระยอง,รถปิคอัพบรรทุก 4 ล้อ,ทางตรง,11,0.0,0.5563982306161367,0.0058997050147492625,0.07692307692307693,34.69
12.775,102.07500000000002,11,0.5306642383306893,0.9003405935110558,2,2,จันทบุรี,รถปิคอัพบรรทุก 4 ล้อ,ทางตรง,1,0.18181818181818182,0.8372465622632019,0.0029498525073746312,0.15384615384615385,52.62
12.825000000000001,99.92500000000001,23,0.40757730551230587,0.7895696313575399,3,0,เพชรบุรี,รถปิคอัพบรรทุก 4 ล้อ,ทางตรง,0,0.0,0.6265335323747054,0.038348082595870206,0.23076923076923078,42.01
12.825000000000001,100.92500000000001,10,0.21706354842811396,0.7656559758530489,1,0,ชลบุรี,รถยนต์นั่งส่วนบุคคล/รถยนต์นั่งสาธารณะ,ทางตรง,12,0.0,0.3003922428693139,0.0,0.07692307692307693,19.18
12.825000000000001,100.97500000000001,37,0.1760474929829662,0.6617543310699617,1,1,ชลบุรี,รถยนต์นั่งส่วนบุคคล/รถยนต์นั่งสาธารณะ,ทางตรง,8,0.02702702702702703,0.23017668774069633,0.07964601769911504,0.07692307692307693,16.96
12.825000000000001,101.12500000000001,13,0.3345952722099988,0.4535028029820897,0,1,ระยอง,รถปิคอัพบรรทุก 4 ล้อ,ทางตรง,6,0.07692307692307693,0.5015952874089045,0.008849557522123894,0.0,30.32
12.825000000000001,101.62500000000001,12,0.4427780137023983,0.5444941381040851,0,3,ระยอง,รถยนต์นั่งส่วนบุคคล/รถยนต์นั่งสาธารณะ,ทางตรง,4,0.25,0.6867937704610622,0.0058997050147492625,0.0,41.36
12.875000000000002,100.97500000000001,16,0.12210597592786147,0.24803474491047317,0,0,ชลบุรี,รถยนต์นั่งส่วนบุคคล/รถยนต์นั่งสาธารณะ,ทางตรง,7,0.0,0.13783398136881772,0.017699115044247787,0.0,8.71
12.875000000000002,101.07500000000002,11,0.3117543615023132,0.4565545875985707,0,1,ระยอง,รถบรรทุกมากกว่า 10 ล้อ (รถพ่วง),ทางตรง,11,0.09090909090909091,0.462493837803929,0.0029498525073746312,0.0,27.82
12.875000000000002,102.275,13,0.3834189477761827,0.6990769103205475,1,1,จันทบุรี,รถปิคอัพบรรทุก 4 ล้อ,ทางตรง,19,0.07692307692307693,0.585176739747337,0.008849557522123894,0.07692307692307693,36.49
12.925,99.92500000000001,11,0.4572042354007687,0.9050331932485733,1,3,เพชรบุรี,รถปิคอัพบรรทุก 4 ล้อ,ทางตรง,9,0.2727272727272727,0.7114900791130299,0.0029498525073746312,0.07692307692307693,43.92
12.925,100.92500000000001,57,0.2643495669432483,0.8927611884761172,13,3,ชลบุรี,รถยนต์นั่งส่วนบุคคล/รถยนต์นั่งสาธารณะ,ทางตรง,16,0.05263157894736842,0.3813413737359445,0.13864306784660768,1.0,41.35
12.925,100.97500000000001,10,0.12074080587262401,0.30825770945803177,0,0,ชลบุรี,รถยนต์นั่งส่วนบุคคล/รถยนต์นั่งสาธารณะ,ทางตรง,1,0.0,0.13549694109926633,0.0,0.0,8.13
12.975000000000001,100.92500000000001,21,0.18315728095618633,0.7782687727603699,1,1,ชลบุรี,รถยนต์นั่งส่วนบุคคล/รถยนต์นั่งสาธารณะ,ทางตรง,14,0.047619047619047616,0.2423479632075447,0.032448377581120944,0.07692307692307693,16.51
12.975000000000001,100.97500000000001,38,0.12079265424291451,0.7062590096874423,1,0,ชลบุรี,รถยนต์นั่งส่วนบุคคล/รถยนต์นั่งสาธารณะ,ทางตรง,10,0.0,0.13558570053902594,0.08259587020648967,0.07692307692307693,11.35
13.025,99.92500000000001,18,0.4222582613384846,0.6035864140236801,0,1,เพชรบุรี,รถปิคอัพบรรทุก 4 ล้อ,ทางตรง,5,0.05555555555555555,0.6516659214347023,0.02359882005899705,0.0,39.69
13.025,100.97500000000001,27,0.10218220750813288,0.2030916887617845,0,1,ชลบุรี,รถยนต์นั่งส่วนบุคคล/รถยนต์นั่งสาธารณะ,ทางตรง,2,0.037037037037037035,0.10372639972396308,0.05014749262536873,0.0,7.48
13.075000000000001,99.92500000000001,11,0.522544667903992,0.8289740344043167,3,1,เพชรบุรี,รถยนต์นั่งส่วนบุคคล/รถยนต์นั่งสาธารณะ,ทางตรง,19,0.09090909090909091,0.8233466360336088,0.0029498525073746312,0.23076923076923078,52.94
13.075000000000001,100.97500000000001,24,0.09808374021668538,0.2121971800010478,0,1,ชลบุรี,รถยนต์นั่งส่วนบุคคล/รถยนต์นั่งสาธารณะ,ทางตรง,23,0.041666666666666664,0.09671021659951999,0.04129793510324484,0.0,6.84
13.075000000000001,101.12500000000001,11,0.33771634029668574,0.8598313914991278,1,0,ชลบุรี,รถยนต์นั่งส่วนบุคคล/รถยนต์นั่งสาธารณะ,ทางตรง,5,0.0,0.5069382567881519,0.0029498525073746312,0.07692307692307693,31.64
13.075000000000001,101.42500000000001,10,0.4715197665532176,0.7493060813655157,1,5,ชลบุรี,รถยนต์นั่งส่วนบุคคล/รถยนต์นั่งสาธารณะ,ทางตรง,5,0.5,0.7359968961611605,0.0,0.07692307692307693,45.31
13.125000000000002,99.87500000000001,20,0.38689859418079753,0.8006865333280578,1,3,เพชรบุรี,รถปิคอัพบรรทุก 4 ล้อ,ทางโค้งกว้าง,6,0.15,0.5911335608336084,0.029498525073746312,0.07692307692307693,37.36
13.125000000000002,100.92500000000001,54,0.19940200320543103,0.7631623642232961,3,1,ชลบุรี,รถบรรทุกมากกว่า 10 ล้อ (รถพ่วง),ทางตรง,12,0.018518518518518517,0.27015737048139454,0.12979351032448377,0.23076923076923078,22.92
13.125000000000002,100.97500000000001,132,0.14261289363249544,0.8722970687069379,4,2,ชลบุรี,รถยนต์นั่งส่วนบุคคล/รถยนต์นั่งสาธารณะ,ทางตรง,12,0.015151515151515152,0.17293985868881956,0.35988200589970504,0.3076923076923077,23.99
13.125000000000002,101.17500000000001,12,0.264178895193702,0.7919256715061921,1,2,ชลบุรี,รถปิคอัพบรรทุก 4 ล้อ,ทางตรง,10,0.16666666666666666,0.38104920006129195,0.0058997050147492625,0.07692307692307693,24.16
13.125000000000002,101.32500000000002,12,0.37246540481684104,0.5479333882935611,0,2,ชลบุรี,รถปิคอัพบรรทุก 4 ล้อ,ทางตรง,15,0.16666666666666666,0.5664253242060768,0.0058997050147492625,0.0,34.13
13.125000000000002,101.37500000000001,14,0.34017669075270085,0.4689248166724767,0,3,ชลบุรี,รถปิคอัพบรรทุก 4 ล้อ,ทางตรง,2,0.21428571428571427,0.5111501409199909,0.011799410029498525,0.0,30.96
13.175,99.82500000000002,24,0.4015523268769908,0.8594789395096307,3,4,เพชรบุรี,รถปิคอัพบรรทุก 4 ล้อ,ทางตรง,4,0.16666666666666666,0.6162193465046755,0.04129793510324484,0.23076923076923078,41.47
13.175,100.97500000000001,122,0.08851621326402052,0.2847616368716725,0,0,ชลบุรี,รถยนต์นั่งส่วนบุคคล/รถยนต์นั่งสาธารณะ,ทางตรง,12,0.0,0.08033152759838527,0.3303834808259587,0.0,13.08
13.175,101.025,13,0.10503377472316908,0.24562475362882488,0,1,ชลบุรี,รถยนต์นั่งส่วนบุคคล/รถยนต์นั่งสาธารณะ,ทางตรง,11,0.07692307692307693,0.10860800944526112,0.008849557522123894,0.0,6.74
13.175,101.32500000000002,13,0.35738865823908095,0.5302649040386526,0,2,ชลบุรี,รถปิคอัพบรรทุก 4 ล้อ,ทางตรง,3,0.15384615384615385,0.5406153793198202,0.008849557522123894,0.0,32.66
13.225000000000001,100.92500000000001,11,0.17687594089880626,0.35165407092682593,0,0,ชลบุรี,รถยนต์นั่งส่วนบุคคล/รถยนต์นั่งสาธารณะ,ทางตรง,8,0.0,0.2315949111577104,0.0029498525073746312,0.0,13.97
13.225000000000001,100.97500000000001,35,0.09719325327556828,0.2442420839159179,0,1,ชลบุรี,รถยนต์นั่งส่วนบุคคล/รถยนต์นั่งสาธารณะ,ทางตรง,17,0.02857142857142857,0.09518578831828413,0.07374631268436578,0.0,7.55
13.225000000000001,101.025,68,0.10694242090772488,0.4336266009819761,0,1,ชลบุรี,รถยนต์นั่งส่วนบุคคล/รถยนต์นั่งสาธารณะ,ทางตรง,13,0.014705882352941176,0.11187542875065798,0.1710914454277286,0.0,10.99
13.275,99.82500000000002,24,0.4282952100732576,0.8868304828526207,2,3,เพชรบุรี,รถปิคอัพบรรทุก 4 ล้อ,ทางตรง,7,0.125,0.662000598967552,0.04129793510324484,0.15384615384615385,43.06
13.275,100.97500000000001,98,0.09760875077096479,0.32917673270922027,0,2,ชลบุรี,รถยนต์นั่งส่วนบุคคล/รถยนต์นั่งสาธารณะ,ทางตรง,16,0.02040816326530612,0.09589708020086976,0.25958702064896755,0.0,12.24
13.275,101.17500000000001,12,0.3191031906150416,0.6654649978854819,1,0,ชลบุรี,รถยนต์นั่งส่วนบุคคล/รถยนต์นั่งสาธารณะ,ทางตรง,15,0.0,0.4750743287871645,0.0058997050147492625,0.07692307692307693,29.81
13.325000000000001,99.82500000000002,26,0.36651583692623413,0.8166980045732197,1,0,เพชรบุรี,รถปิคอัพบรรทุก 4 ล้อ,ทางตรง,6,0.0,0.5562402343021235,0.0471976401179941,0.07692307692307693,35.71
13.325000000000001,99.87500000000001,10,0.3959976711991897,0.8412066478420481,1,3,สมุทรสงคราม,รถปิคอัพบรรทุก 4 ล้อ,ทางตรง,14,0.3,0.606710308452815,0.0,0.07692307692307693,37.56
13.325000000000001,100.97500000000001,64,0.17418265045983383,0.8473360796524979,3,4,ชลบุรี,รถยนต์นั่งส่วนบุคคล/รถยนต์นั่งสาธารณะ,ทางตรง,12,0.0625,0.22698425610464337,0.1592920353982301,0.23076923076923078,21.06
13.325000000000001,101.025,64,0.16270667189811008,0.7118055504938777,2,2,ชลบุรี,รถยนต์นั่งส่วนบุคคล/รถยนต์นั่งสาธารณะ,ทางตรง,15,0.03125,0.20733848089271054,0.1592920353982301,0.15384615384615385,18.73
13.325000000000001,101.07500000000002,14,0.32466733126146374,0.7351746154251247,1,3,ชลบุรี,รถปิคอัพบรรทุก 4 ล้อ,ทางตรง,5,0.21428571428571427,0.48459960419607645,0.011799410029498525,0.07692307692307693,30.52
13.325000000000001,101.12500000000001,17,0.26410070045607204,0.41443662807717385,0,3,ชลบุรี,รถปิคอัพบรรทุก 4 ล้อ,ทางตรง,1,0.17647058823529413,0.38091533816620626,0.02064896755162242,0.0,23.37
13.325000000000001,101.17500000000001,12,0.29025670868849596,0.43518770738719026,0,1,ชลบุรี,รถปิคอัพบรรทุก 4 ล้อ,ทางตรง,6,0.08333333333333333,0.4256919169487377,0.0058997050147492625,0.0,25.69
13.325000000000001,101.275,15,0.40308531881105375,0.7765285632403194,1,1,ชลบุรี,รถบรรทุกมากกว่า 10 ล้อ (รถพ่วง),ทางตรง,1,0.06666666666666667,0.6188436817433938,0.014749262536873156,0.07692307692307693,38.65
13.375000000000002,99.92500000000001,11,0.35111759745181076,0.5917516588717117,0,0,สมุทรสงคราม,รถยนต์นั่งส่วนบุคคล/รถยนต์นั่งสาธารณะ,ทางตรง,4,0.0,0.5298799243950446,0.0029498525073746312,0.0,31.87
13.375000000000002,99.97500000000001,19,0.28266299647374415,0.5246675016975552,0,0,สมุทรสงคราม,รถปิคอัพบรรทุก 4 ล้อ,ทางตรง,9,0.0,0.4126922095692988,0.02654867256637168,0.0,25.43
13.375000000000002,101.025,65,0.195312189705199,0.7833011245275361,4,7,ชลบุรี,รถยนต์นั่งส่วนบุคคล/รถยนต์นั่งสาธารณะ,ทางตรง,13,0.1076923076923077,0.2631560018179611,0.16224188790560473,0.3076923076923077,24.46
13.375000000000002,101.275,16,0.4298677425367039,0.8260574525984052,2,0,ชลบุรี,รถยนต์นั่งส่วนบุคคล/รถยนต์นั่งสาธารณะ,ทางตรง,7,0.0,0.6646926238022248,0.017699115044247787,0.15384615384615385,42.63
13.425,99.97500000000001,10,0.35425059982081597,0.7513092077120982,1,1,สมุทรสงคราม,รถยนต์นั่งส่วนบุคคล/รถยนต์นั่งสาธารณะ,ทางตรง,20,0.1,0.5352433241216021,0.0,0.07692307692307693,33.27
13.425,100.025,20,0.3357946479010407,0.6756853406444846,1,1,สมุทรสงคราม,รถปิคอัพบรรทุก 4 ล้อ,ทางตรง,6,0.05,0.5036485036199783,0.029498525073746312,0.07692307692307693,32.11
13.425,100.07500000000002,12,0.3430650544446017,0.7036781186988246,1,1,สมุทรสงคราม,รถยนต์นั่งส่วนบุคคล/รถยนต์นั่งสาธารณะ,ทางตรง,6,0.08333333333333333,0.516094742682376,0.0058997050147492625,0.07692307692307693,32.27
13.425,100.97500000000001,32,0.2388890561432155,0.8027977032642412,3,6,ชลบุรี,รถปิคอัพบรรทุก 4 ล้อ,ทางตรง,1,0.1875,0.3377554198873778,0.06489675516224189,0.23076923076923078,25.35
13.425,101.025,85,0.21677514505420165,0.9289524902080819,6,4,ชลบุรี,รถยนต์นั่งส่วนบุคคล/รถยนต์นั่งสาธารณะ,ทางตรง,10,0.047058823529411764,0.299898523939484,0.22123893805309736,0.46153846153846156,30.45
13.475000000000001,100.97500000000001,14,0.26572444967954795,0.6646370405912945,1,2,ฉะเชิงเทรา,รถบรรทุกมากกว่า 10 ล้อ (รถพ่วง),ทางตรง,12,0.14285714285714285,0.38369504118441816,0.011799410029498525,0.07692307692307693,24.47
13.475000000000001,101.025,52,0.1651505306470099,0.6350922366845498,0,2,ชลบุรี,รถปิคอัพบรรทุก 4 ล้อ,ทางตรง,9,0.038461538461538464,0.211522132802861,0.12389380530973451,0.0,15.79
13.475000000000001,101.275,10,0.36223524413059827,0.6524616451420865,1,1,ชลบุรี,รถปิคอัพบรรทุก 4 ล้อ,ทางตรง,6,0.1,0.548912269773036,0.0,0.07692307692307693,34.09
13.525,99.775,18,0.4921855436458539,0.8079275715201977,3,4,ราชบุรี,รถปิคอัพบรรทุก 4 ล้อ,ทางตรง,3,0.2222222222222222,0.7713747255251829,0.02359882005899705,0.23076923076923078,50.33
13.525,100.17500000000001,34,0.23138127394230185,0.7197816977384994,2,0,สมุทรสาคร,รถปิคอัพบรรทุก 4 ล้อ,ทางตรง,9,0.0,0.3249028164543904,0.07079646017699115,0.15384615384615385,23.57
13.525,100.22500000000001,38,0.21696465505571244,0.6643937413206465,1,3,สมุทรสาคร,รถปิคอัพบรรทุก 4 ล้อ,ทางตรง,8,0.07894736842105263,0.30022294689566764,0.08259587020648967,0.07692307692307693,21.23
13.525,100.67500000000001,25,0.4912842435359823,0.8681669392881546,7,6,สมุทรปราการ,รถจักรยานยนต์,ทางตรง,2,0.24,0.7698317861355883,0.04424778761061947,0.5384615384615384,55.37
13.525,100.97500000000001,32,0.312702851155096,0.895197377759255,4,6,ฉะเชิงเทรา,รถปิคอัพบรรทุก 4 ล้อ,ทางตรง,7,0.1875,0.46411756116740444,0.06489675516224189,0.3076923076923077,34.08
13.525,101.025,104,0.24284450812242558,0.5180010256131671,0,2,ฉะเชิงเทรา,รถยนต์นั่งส่วนบุคคล/รถยนต์นั่งสาธารณะ,ทางตรง,12,0.019230769230769232,0.3445267745066987,0.27728613569321536,0.0,27.6
13.575000000000001,99.82500000000002,11,0.5053846136976743,0.8227135339093823,1,3,ราชบุรี,รถปิคอัพบรรทุก 4 ล้อ,ทางตรง,11,0.2727272727272727,0.7939702681928463,0.0029498525073746312,0.07692307692307693,48.87
13.575000000000001,100.275,58,0.22532755240462315,0.7248068057143885,1,3,สมุทรสาคร,รถปิคอัพบรรทุก 4 ล้อ,ทางตรง,16,0.05172413793103448,0.31453942549080466,0.1415929203539823,0.07692307692307693,23.57
13.575000000000001,100.32500000000002,31,0.21320533193086694,0.6988787102619578,1,2,สมุทรสาคร,รถปิคอัพบรรทุก 4 ล้อ,ทางตรง,18,0.06451612903225806,0.29378734607413365,0.061946902654867256,0.07692307692307693,20.33
13.575000000000001,100.82500000000002,31,0.35007688342923127,0.8509769211755399,4,3,สมุทรปราการ,รถปิคอัพบรรทุก 4 ล้อ,ทางตรง,5,0.0967741935483871,0.5280983217510926,0.061946902654867256,0.3076923076923077,37.85
13.575000000000001,100.87500000000001,27,0.35310985329011046,0.7278945557718082,3,3,สมุทรปราการ,รถบรรทุกมากกว่า 10 ล้อ (รถพ่วง),ทางตรง,6,0.1111111111111111,0.533290475412841,0.05014749262536873,0.23076923076923078,36.71
13.575000000000001,100.92500000000001,27,0.2705061767888798,0.43055565019456715,0,2,ฉะเชิงเทรา,รถบรรทุกมากกว่า 10 ล้อ (รถพ่วง),ทางตรง,10,0.07407407407407407,0.39188089961988637,0.05014749262536873,0.0,24.77
13.575000000000001,100.97500000000001,101,0.24220271260592266,0.7804323650378064,1,4,ฉะเชิงเทรา,รถปิคอัพบรรทุก 4 ล้อ,ทางตรง,12,0.039603960396039604,0.3434280821048763,0.26843657817109146,0.07692307692307693,28.47
13.625000000000002,100.32500000000002,14,0.19368211335267277,0.28057135498272934,0,1,สมุทรสาคร,รถปิคอัพบรรทุก 4 ล้อ,ทางตรง,0,0.07142857142857142,0.2603654673613328,0.011799410029498525,0.0,15.92
13.625000000000002,100.37500000000001,69,0.1431479268405617,0.6107486689890228,0,2,กรุงเทพมหานคร,รถยนต์นั่งส่วนบุคคล/รถยนต์นั่งสาธารณะ,ทางตรง,11,0.028985507246376812,0.17385578425281875,0.17404129793510326,0.0,14.78
13.625000000000002,100.42500000000001,122,0.12013529593547312,0.6099290963644044,0,5,กรุงเทพมหานคร,รถยนต์นั่งส่วนบุคคล/รถยนต์นั่งสาธารณะ,ทางตรง,11,0.040983606557377046,0.13446036613096393,0.3303834808259587,0.0,16.33
13.625000000000002,100.525,45,0.2056797671615254,0.5324288914559702,0,2,สมุทรปราการ,รถปิคอัพบรรทุก 4 ล้อ,ทางตรง,12,0.044444444444444446,0.2809043005886323,0.10324483775811209,0.0,19.44
13.625000000000002,100.57500000000002,44,0.348758700522305,0.7816481424607205,9,5,สมุทรปราการ,รถจักรยานยนต์,ทางตรง,7,0.11363636363636363,0.5258417189752683,0.10029498525073746,0.6923076923076923,44.44
13.625000000000002,100.62500000000001,36,0.3095707448693529,0.7830876829741712,3,3,สมุทรปราการ,รถปิคอัพบรรทุก 4 ล้อ,ทางตรง,9,0.08333333333333333,0.4587556954494932,0.07669616519174041,0.23076923076923078,32.9
13.625000000000002,100.67500000000001,25,0.20547266655461502,0.45306000905598137,0,0,สมุทรปราการ,ไม่ระบุ,ทางตรง,14,0.0,0.28054976420223765,0.04424778761061947,0.0,17.94
13.625000000000002,100.72500000000001,31,0.2914107357296706,0.6713484500364586,1,5,สมุทรปราการ,รถปิคอัพบรรทุก 4 ล้อ,ทางตรง,14,0.16129032258064516,0.42766750061835407,0.061946902654867256,0.07692307692307693,28.36
13.625000000000002,100.775,25,0.3485904663480623,0.850849465503611,5,6,สมุทรปราการ,ไม่ระบุ,ทางตรง,6,0.24,0.5255537181958698,0.04424778761061947,0.38461538461538464,38.41
13.625000000000002,100.87500000000001,26,0.1906279064400125,0.3271620850696416,0,0,สมุทรปราการ,รถยนต์นั่งส่วนบุคคล/รถยนต์นั่งสาธารณะ,ทางตรง,11,0.0,0.2551369579027161,0.0471976401179941,0.0,16.49
13.625000000000002,100.92500000000001,39,0.26448751689948036,0.8823659692766177,1,0,สมุทรปราการ,รถยนต์นั่งส่วนบุคคล/รถยนต์นั่งสาธารณะ,ทางตรง,15,0.0,0.38157753083714985,0.0855457227138643,0.07692307692307693,26.19
13.675,100.32500000000002,19,0.23016574873823967,0.734830035582305,2,3,สมุทรสาคร,รถปิคอัพบรรทุก 4 ล้อ,ทางตรง,15,0.15789473684210525,0.3228219538251161,0.02654867256637168,0.15384615384615385,22.34
13.675,100.42500000000001,142,0.12312239852728386,0.6130632966702477,0,4,กรุงเทพมหานคร,รถปิคอัพบรรทุก 4 ล้อ,ทางตรง,9,0.028169014084507043,0.13957399942489723,0.3893805309734513,0.0,18.11
13.675,100.47500000000001,64,0.1679275377292062,0.671539437163738,1,4,กรุงเทพมหานคร,รถยนต์นั่งส่วนบุคคล/รถยนต์นั่งสาธารณะ,ทางตรง,7,0.0625,0.21627610272406128,0.1592920353982301,0.07692307692307693,18.11
13.675,100.525,159,0.306862158237377,0.7637266585832244,9,10,สมุทรปราการ,รถจักรยานยนต์,ทางตรง,9,0.06289308176100629,0.45411885478029523,0.43952802359882004,0.6923076923076923,48.62
13.675,100.62500000000001,20,0.11683121462941166,0.27384331861961897,0,2,กรุงเทพมหานคร,รถยนต์นั่งส่วนบุคคล/รถยนต์นั่งสาธารณะ,ทางตรง,20,0.1,0.1288040956637696,0.029498525073746312,0.0,8.47
13.675,100.67500000000001,71,0.15941668977906556,0.7975897061932713,1,2,กรุงเทพมหานคร,รถยนต์นั่งส่วนบุคคล/รถยนต์นั่งสาธารณะ,ทางตรง,8,0.028169014084507043,0.2017063468821431,0.17994100294985252,0.07692307692307693,17.75
13.675,100.82500000000002,102,0.1856376549335097,0.34195244111544987,0,2,สมุทรปราการ,รถยนต์นั่งส่วนบุคคล/รถยนต์นั่งสาธารณะ,ทางตรง,13,0.0196078431372549,0.24659412568841146,0.2713864306784661,0.0,21.58
13.675,100.87500000000001,80,0.1655081126804733,0.3143596804248983,0,0,สมุทรปราการ,รถยนต์นั่งส่วนบุคคล/รถยนต์นั่งสาธารณะ,ทางตรง,12,0.0,0.21213427896638543,0.20648967551622419,0.0,17.89
13.675,101.07500000000002,13,0.5633991073237727,0.906164182937568,6,5,ฉะเชิงเทรา,รถจักรยานยนต์,ทางตรง,3,0.38461538461538464,0.8932855200192882,0.008849557522123894,0.46153846153846156,60.74
13.675,101.12500000000001,15,0.3179764504672447,0.8844865734053596,1,2,ฉะเชิงเทรา,รถปิคอัพบรรทุก 4 ล้อ,ทางตรง,8,0.13333333333333333,0.47314545766329297,0.014749262536873156,0.07692307692307693,29.91
13.725000000000001,100.42500000000001,65,0.09721195756038566,0.556574244738815,0,1,กรุงเทพมหานคร,รถปิคอัพบรรทุก 4 ล้อ,ทางตรง,11,0.015384615384615385,0.09521780826090129,0.16224188790560473,0.0,9.77
13.725000000000001,100.525,15,0.04498032270319032,0.0914200239245757,0,0,กรุงเทพมหานคร,ไม่ระบุ,ทางตรง,22,0.0,0.00580225630276955,0.014749262536873156,0.0,0.72
13.725000000000001,100.57500000000002,33,0.043518733525170133,0.11736351117045683,0,0,กรุงเทพมหานคร,ไม่ระบุ,ทางตรง,16,0.0,0.003300155737738055,0.06784660766961652,0.0,1.89
13.725000000000001,100.62500000000001,46,0.08768106846742348,0.39607564309521776,0,0,กรุงเทพมหานคร,รถยนต์นั่งส่วนบุคคล/รถยนต์นั่งสาธารณะ,ทางตรง,5,0.0,0.07890183976347731,0.10619469026548672,0.0,7.39
13.725000000000001,100.67500000000001,82,0.05881330826125656,0.31969270120682464,0,0,กรุงเทพมหานคร,รถยนต์นั่งส่วนบุคคล/รถยนต์นั่งสาธารณะ,ทางตรง,6,0.0,0.02948300155007185,0.21238938053097345,0.0,7.08
13.725000000000001,100.72500000000001,349,0.06419345651100448,0.5900751383065743,0,1,กรุงเทพมหานคร,รถยนต์นั่งส่วนบุคคล/รถยนต์นั่งสาธารณะ,ทางตรง,17,0.0028653295128939827,0.03869329961336358,1.0,0.0,27.32
13.725000000000001,100.775,95,0.05416369005365215,0.24737740148697257,0,0,กรุงเทพมหานคร,รถปิคอัพบรรทุก 4 ล้อ,ทางตรง,14,0.0,0.021523300890419716,0.25073746312684364,0.0,7.56
13.725000000000001,100.82500000000002,49,0.08205939417725504,0.2776843044630222,0,0,กรุงเทพมหานคร,รถยนต์นั่งส่วนบุคคล/รถยนต์นั่งสาธารณะ,ทางตรง,13,0.0,0.06927807227163893,0.11504424778761062,0.0,7.03
13.775,99.92500000000001,11,0.5299554489342034,0.795850936771594,2,2,ราชบุรี,รถปิคอัพบรรทุก 4 ล้อ,ทางตรง,14,0.18181818181818182,0.8360331827608729,0.0029498525073746312,0.15384615384615385,52.54
13.775,100.32500000000002,93,0.1403144946603519,0.7779041560529831,1,5,กรุงเทพมหานคร,รถยนต์นั่งส่วนบุคคล/รถยนต์นั่งสาธารณะ,ทางตรง,17,0.053763440860215055,0.1690052199727215,0.2448377581120944,0.07692307692307693,17.42
13.775,100.37500000000001,333,0.1026073939025892,0.672673044466273,1,1,กรุงเทพมหานคร,รถยนต์นั่งส่วนบุคคล/รถยนต์นั่งสาธารณะ,ทางตรง,7,0.003003003003003003,0.10445427807296258,0.9528023598820059,0.07692307692307693,31.24
13.775,100.42500000000001,274,0.11240570502997103,0.5544255180176288,0,9,กรุงเทพมหานคร,รถยนต์นั่งส่วนบุคคล/รถยนต์นั่งสาธารณะ,ทางตรง,11,0.032846715328467155,0.12122804745827327,0.7787610619469026,0.0,26.74
13.775,100.47500000000001,101,0.1458328427008548,0.7271523564727895,2,3,กรุงเทพมหานคร,รถยนต์นั่งส่วนบุคคล/รถยนต์นั่งสาธารณะ,ทางตรง,20,0.0297029702970297,0.1784521028299727,0.26843657817109146,0.15384615384615385,19.73
13.775,100.525,33,0.0415909645220092,0.08958582098679296,0,0,กรุงเทพมหานคร,ไม่ระบุ,ทางตรง,7,0.0,0.0,0.06784660766961652,0.0,1.7
13.775,100.57500000000002,24,0.06275926845756023,0.20959384921680355,0,1,กรุงเทพมหานคร,ไม่ระบุ,ทางตรง,17,0.041666666666666664,0.03623810714693803,0.04129793510324484,0.0,3.21
13.775,100.67500000000001,110,0.06179237911336338,0.580735181690988,0,2,กรุงเทพมหานคร,รถยนต์นั่งส่วนบุคคล/รถยนต์นั่งสาธารณะ,ทางตรง,10,0.01818181818181818,0.03458288527555355,0.2949852507374631,0.0,9.45
13.775,100.72500000000001,19,0.058636832146555296,0.22805314955106487,0,0,กรุงเทพมหานคร,รถยนต์นั่งส่วนบุคคล/รถยนต์นั่งสาธารณะ,ทางตรง,19,0.0,0.02918089135867955,0.02654867256637168,0.0,2.41
13.825000000000001,99.87500000000001,12,0.6024942279287414,0.8939974641410053,4,6,ราชบุรี,รถปิคอัพบรรทุก 4 ล้อ,ทางตรง,7,0.5,0.9602126188420707,0.0058997050147492625,0.3076923076923077,62.38
13.825000000000001,100.42500000000001,10,0.5605494855737886,0.8222472539532237,4,2,นนทบุรี,รถจักรยานยนต์,ทางตรง,6,0.2,0.8884072407476672,0.0,0.3076923076923077,57.92
13.825000000000001,100.525,34,0.1209881476378527,0.7494670924086548,2,2,กรุงเทพมหานคร,ไม่ระบุ,ทางตรง,6,0.058823529411764705,0.13592036649119002,0.07079646017699115,0.15384615384615385,12.23
13.825000000000001,100.57500000000002,22,0.1918751556467768,0.7418608516271732,1,0,กรุงเทพมหานคร,รถยนต์นั่งส่วนบุคคล/รถยนต์นั่งสาธารณะ,ไม่ระบุ,2,0.0,0.2572721289835579,0.035398230088495575,0.07692307692307693,17.48
13.825000000000001,100.62500000000001,12,0.07972900965220299,0.23968892871260666,0,0,กรุงเทพมหานคร,ไม่ระบุ,ทางตรง,2,0.0,0.06528867735509224,0.0058997050147492625,0.0,4.06
13.825000000000001,100.67500000000001,144,0.07332873136818124,0.5901757519563008,0,1,กรุงเทพมหานคร,รถปิคอัพบรรทุก 4 ล้อ,ทางตรง,10,0.006944444444444444,0.05433201446264954,0.3952802359882006,0.0,13.14
13.825000000000001,100.72500000000001,10,0.2463558188617995,0.6029317468740404,0,1,กรุงเทพมหานคร,รถยนต์นั่งส่วนบุคคล/รถยนต์นั่งสาธารณะ,ทางตรง,0,0.1,0.35053780189873873,0.0,0.0,21.03
13.875000000000002,100.42500000000001,10,0.40726231959114917,0.6044756466939541,0,0,นนทบุรี,รถยนต์นั่งส่วนบุคคล/รถยนต์นั่งสาธารณะ,ทางตรง,4,0.0,0.6259943066721926,0.0,0.0,37.56
13.875000000000002,100.525,25,0.28498068566636037,0.6167754574003625,0,2,นนทบุรี,ไม่ระบุ,ทางตรง,11,0.08,0.4166598712936882,0.04424778761061947,0.0,26.11
13.875000000000002,100.57500000000002,14,0.1504614972657215,0.546539626432998,0,2,กรุงเทพมหานคร,รถยนต์นั่งส่วนบุคคล/รถยนต์นั่งสาธารณะ,ทางตรง,5,0.14285714285714285,0.1863759157428298,0.011799410029498525,0.0,11.48
13.875000000000002,100.67500000000001,103,0.05553233307552978,0.2219006712339829,0,1,กรุงเทพมหานคร,รถปิคอัพบรรทุก 4 ล้อ,ทางตรง,10,0.009708737864077669,0.023866286545940984,0.2743362831858407,0.0,8.29
13.875000000000002,101.57500000000002,21,0.5118713630906457,0.8465277414923975,2,3,ปราจีนบุรี,รถบรรทุกมากกว่า 10 ล้อ (รถพ่วง),ทางตรง,19,0.14285714285714285,0.8050749613347022,0.032448377581120944,0.15384615384615385,51.42
13.925,100.42500000000001,22,0.44696440037816276,0.5446058795878861,0,1,นนทบุรี,รถยนต์นั่งส่วนบุคคล/รถยนต์นั่งสาธารณะ,ทางตรง,21,0.045454545454545456,0.6939604631435158,0.035398230088495575,0.0,42.52
13.925,100.525,22,0.3587672645356832,0.9202990609335455,5,4,นนทบุรี,ไม่ระบุ,ทางตรง,2,0.18181818181818182,0.5429754211465918,0.035398230088495575,0.38461538461538464,39.23
13.925,100.57500000000002,12,0.23764375171712782,0.845131327211079,1,1,กรุงเทพมหานคร,รถปิคอัพบรรทุก 4 ล้อ,ทางตรง,21,0.08333333333333333,0.33562357808462795,0.0058997050147492625,0.07692307692307693,21.44
13.925,100.62500000000001,15,0.15390130697360505,0.4404168863510651,0,0,กรุงเทพมหานคร,รถยนต์นั่งส่วนบุคคล/รถยนต์นั่งสาธารณะ,ทางตรง,5,0.0,0.19226454022303743,0.014749262536873156,0.0,11.9
13.925,100.67500000000001,19,0.12148511879454847,0.8417507691183462,1,2,กรุงเทพมหานคร,รถปิคอัพบรรทุก 4 ล้อ,ทางตรง,8,0.10526315789473684,0.1367711334718659,0.02654867256637168,0.07692307692307693,10.02
13.925,100.72500000000001,76,0.1953154341798065,0.4594437282478313,0,1,ปทุมธานี,รถปิคอัพบรรทุก 4 ล้อ,ทางตรง,4,0.013157894736842105,0.26316155604747427,0.19469026548672566,0.0,20.66
13.925,100.775,12,0.36690049006821757,0.8433733098788448,1,2,ปทุมธานี,รถปิคอัพบรรทุก 4 ล้อ,ทางตรง,5,0.16666666666666666,0.5568987236084015,0.0058997050147492625,0.07692307692307693,34.72
13.975000000000001,100.62500000000001,12,0.42206931560894434,0.8983617454007439,2,2,ปทุมธานี,รถยนต์นั่งส่วนบุคคล/รถยนต์นั่งสาธารณะ,ทางตรง,1,0.16666666666666666,0.6513424644580411,0.0058997050147492625,0.15384615384615385,41.54
13.975000000000001,100.72500000000001,63,0.2612568758134986,0.9044466171588407,5,4,ปทุมธานี,รถยนต์นั่งส่วนบุคคล/รถยนต์นั่งสาธารณะ,ทางตรง,9,0.06349206349206349,0.37604698298676253,0.15634218289085547,0.38461538461538464,32.24
13.975000000000001,101.72500000000001,10,0.46872554144597844,0.5500826780066017,0,1,ปราจีนบุรี,รถยนต์นั่งส่วนบุคคล/รถยนต์นั่งสาธารณะ,ทางตรง,14,0.1,0.7312134506316044,0.0,0.0,43.87
13.975000000000001,101.775,16,0.43216651762382713,0.8139777735965857,2,0,ปราจีนบุรี,อื่นๆ,ทางตรง,21,0.0,0.6686279063911138,0.017699115044247787,0.15384615384615385,42.87
14.025,99.57500000000002,10,0.5130204337362199,0.5998080368009063,0,2,กาญจนบุรี,รถปิคอัพบรรทุก 4 ล้อ,ทางตรง,22,0.2,0.8070420601301699,0.0,0.0,48.42
14.025,99.62500000000001,11,0.47269517366817515,0.5900651141750872,0,1,กาญจนบุรี,รถยนต์นั่งส่วนบุคคล/รถยนต์นั่งสาธารณะ,ทางตรง,0,0.09090909090909091,0.7380090804676023,0.0029498525073746312,0.0,44.35
14.025,99.775,10,0.5539270621528408,0.8072192342606949,2,1,กาญจนบุรี,รถยนต์นั่งส่วนบุคคล/รถยนต์นั่งสาธารณะ,ทางตรง,3,0.1,0.8770702866756097,0.0,0.15384615384615385,54.93
14.025,100.47500000000001,13,0.3699177783855459,0.49707052773843663,0,0,ปทุมธานี,รถยนต์นั่งส่วนบุคคล/รถยนต์นั่งสาธารณะ,ทางตรง,10,0.0,0.5620640319708214,0.008849557522123894,0.0,33.95
14.025,100.67500000000001,34,0.2428191577863597,0.4622501875537111,0,0,ปทุมธานี,รถปิคอัพบรรทุก 4 ล้อ,ทางตรง,1,0.0,0.3444833771614337,0.07079646017699115,0.0,22.44
14.025,100.72500000000001,47,0.20497504427066693,0.3957423469272118,0,0,ปทุมธานี,รถปิคอัพบรรทุก 4 ล้อ,ทางตรง,15,0.0,0.27969788255412276,0.10914454277286136,0.0,19.51
14.025,100.775,15,0.4064256848014104,0.9509607086236318,3,2,ปทุมธานี,รถยนต์นั่งส่วนบุคคล/รถยนต์นั่งสาธารณะ,ทางตรง,17,0.13333333333333333,0.6245620681118565,0.014749262536873156,0.23076923076923078,41.3
14.075000000000001,99.47500000000001,32,0.5836339213424624,0.9471233038500739,6,2,กาญจนบุรี,รถยนต์นั่งส่วนบุคคล/รถยนต์นั่งสาธารณะ,ทางตรง,5,0.0625,0.9279255819127755,0.06489675516224189,0.46153846153846156,64.22
14.075000000000001,100.57500000000002,13,0.21453928541286485,0.5565793163106301,0,0,ปทุมธานี,ไม่ระบุ,ทางตรง,7,0.0,0.29607094656271543,0.008849557522123894,0.0,17.99
14.075000000000001,100.67500000000001,54,0.25817354983410795,0.8173248025464414,1,1,ปทุมธานี,รถปิคอัพบรรทุก 4 ล้อ,ทางตรง,9,0.018518518518518517,0.3707686244772532,0.12979351032448377,0.07692307692307693,26.64
14.075000000000001,100.92500000000001,12,0.4177245533363627,0.8338075278580914,2,1,นครนายก,รถปิคอัพบรรทุก 4 ล้อ,ทางตรง,8,0.08333333333333333,0.6439046479356997,0.0058997050147492625,0.15384615384615385,41.09
14.125000000000002,100.62500000000001,11,0.49548386169903585,0.7831792498975241,2,1,อยุธยา,รถปิคอัพบรรทุก 4 ล้อ,ทางตรง,4,0.09090909090909091,0.7770211298559122,0.0029498525073746312,0.15384615384615385,49.0
14.125000000000002,100.67500000000001,31,0.31909533637551124,0.89028036629093,2,0,ปทุมธานี,รถปิคอัพบรรทุก 4 ล้อ,ทางตรง,15,0.0,0.47506088308199484,0.061946902654867256,0.15384615384615385,32.36
14.125000000000002,100.97500000000001,13,0.305259939946981,0.46656203239100863,0,3,นครนายก,รถปิคอัพบรรทุก 4 ล้อ,ทางตรง,7,0.23076923076923078,0.4513760106555638,0.008849557522123894,0.0,27.3
14.125000000000002,102.67500000000001,16,0.43768496325307993,0.5938071709909593,0,1,สระแก้ว,รถบรรทุกมากกว่า 10 ล้อ (รถพ่วง),ทางโค้งกว้าง,14,0.0625,0.6780749563109499,0.017699115044247787,0.0,41.13
14.175,100.62500000000001,82,0.3448712586086614,0.8469838699229216,6,3,อยุธยา,รถปิคอัพบรรทุก 4 ล้อ,ทางตรง,1,0.036585365853658534,0.5191867910687616,0.21238938053097345,0.46153846153846156,43.38
14.175,100.67500000000001,15,0.3886024551382819,0.6622730383091977,1,0,อยุธยา,รถบรรทุกมากกว่า 10 ล้อ (รถพ่วง),ทางตรง,9,0.0,0.5940504074609428,0.014749262536873156,0.07692307692307693,37.17
14.175,101.025,11,0.4333849710997805,0.7713491964648855,1,2,นครนายก,รถปิคอัพบรรทุก 4 ล้อ,ทางตรง,7,0.18181818181818182,0.6707137819411622,0.0029498525073746312,0.07692307692307693,41.47
14.175,101.07500000000002,10,0.3968527073069968,0.5639265310346059,0,0,นครนายก,รถปิคอัพบรรทุก 4 ล้อ,ทางตรง,16,0.0,0.6081740483057362,0.0,0.0,36.49
14.175,101.87500000000001,11,0.4665978644852624,0.9229546252997509,1,2,ปราจีนบุรี,รถปิคอัพบรรทุก 4 ล้อ,ทางโค้งกว้าง,13,0.18181818181818182,0.7275710716336815,0.0029498525073746312,0.07692307692307693,44.88
14.225000000000001,99.07500000000002,13,0.47858916328795204,0.757774099710414,3,2,กาญจนบุรี,รถปิคอัพบรรทุก 4 ล้อ,ทางโค้งกว้าง,17,0.15384615384615385,0.74809902569962,0.008849557522123894,0.23076923076923078,48.57
14.225000000000001,100.025,12,0.54584740168177,0.8217708168021053,4,0,สุพรรณบุรี,รถจักรยานยนต์,ทางตรง,17,0.0,0.8632386824642863,0.0058997050147492625,0.3076923076923077,56.56
14.225000000000001,100.67500000000001,25,0.400320087542317,0.869200068773884,4,1,อยุธยา,รถปิคอัพบรรทุก 4 ล้อ,ทางตรง,9,0.04,0.6141098708860084,0.04424778761061947,0.3076923076923077,42.57
14.225000000000001,100.72500000000001,49,0.45458763505499267,0.9529476797991379,11,8,อยุธยา,รถปิคอัพบรรทุก 4 ล้อ,ทางตรง,13,0.16326530612244897,0.7070107101480132,0.11504424778761062,0.8461538461538461,57.99
14.275,100.67500000000001,16,0.6165287572694529,0.8696975252140239,10,4,อยุธยา,รถจักรยานยนต์,ทางตรง,6,0.25,0.9842383877253021,0.017699115044247787,0.7692307692307693,71.04
14.275,100.775,23,0.41754823410760916,0.875161044220064,3,1,อยุธยา,รถปิคอัพบรรทุก 4 ล้อ,ทางตรง,15,0.043478260869565216,0.6436028063180108,0.038348082595870206,0.23076923076923078,43.04
14.275,100.82500000000002,17,0.4893612658031825,0.9554068206489695,3,1,อยุธยา,รถปิคอัพบรรทุก 4 ล้อ,ทางตรง,12,0.058823529411764705,0.7665398325934181,0.02064896755162242,0.23076923076923078,49.97
14.275,101.07500000000002,11,0.43728113647546996,0.7859523396206642,2,0,นครนายก,รถปิคอัพบรรทุก 4 ล้อ,ทางตรง,6,0.0,0.6773836435784615,0.0029498525073746312,0.15384615384615385,43.02
14.275,101.87500000000001,21,0.48947250226286537,0.8165254739518149,3,2,ปราจีนบุรี,รถบรรทุกมากกว่า 10 ล้อ (รถพ่วง),ทางตรง,14,0.09523809523809523,0.7667302587492832,0.032448377581120944,0.23076923076923078,50.28
14.325000000000001,100.17500000000001,34,0.32494486886971136,0.5922592622943845,0,0,สุพรรณบุรี,รถปิคอัพบรรทุก 4 ล้อ,ทางตรง,12,0.0,0.4850747219766791,0.07079646017699115,0.0,30.87
14.325000000000001,100.22500000000001,27,0.28693523765673856,0.4518705842822339,0,0,สุพรรณบุรี,รถยนต์นั่งส่วนบุคคล/รถยนต์นั่งสาธารณะ,ทางตรง,13,0.0,0.4200058769381287,0.05014749262536873,0.0,26.45
14.325000000000001,100.82500000000002,14,0.45589786063807664,0.7430018447397695,1,0,สระบุรี,รถปิคอัพบรรทุก 4 ล้อ,ทางตรง,1,0.0,0.7092536907482074,0.011799410029498525,0.07692307692307693,44.0
14.325000000000001,101.82500000000002,18,0.4977051548849896,0.9408800180815049,1,1,ปราจีนบุรี,รถปิคอัพบรรทุก 4 ล้อ,ทางตรง,23,0.05555555555555555,0.7808237708574035,0.02359882005899705,0.07692307692307693,48.59
14.325000000000001,101.87500000000001,23,0.4815019157889143,0.7151776334112803,1,3,ปราจีนบุรี,รถบรรทุกมากกว่า 10 ล้อ (รถพ่วง),ทางโค้งกว้าง,23,0.13043478260869565,0.7530853787652103,0.038348082595870206,0.07692307692307693,47.3
14.375000000000002,100.17500000000001,92,0.31206045012718125,0.7404207830032278,3,1,สุพรรณบุรี,รถยนต์นั่งส่วนบุคคล/รถยนต์นั่งสาธารณะ,ทางตรง,10,0.010869565217391304,0.46301783218808923,0.24188790560471976,0.23076923076923078,37.29
14.375000000000002,100.87500000000001,16,0.5574344925569077,0.9322259706865668,5,1,สระบุรี,รถปิคอัพบรรทุก 4 ล้อ,ทางตรง,5,0.0625,0.8830746713055725,0.017699115044247787,0.38461538461538464,59.2
14.375000000000002,100.97500000000001,10,0.37849002869633747,0.4803863015126606,0,1,สระบุรี,รถปิคอัพบรรทุก 4 ล้อ,ทางตรง,1,0.1,0.5767389027681521,0.0,0.0,34.6
14.375000000000002,101.87500000000001,15,0.2483075899392385,0.5626322505794525,0,0,นครราชสีมา,รถปิคอัพบรรทุก 4 ล้อ,ทางตรง,13,0.0,0.35387904688680527,0.014749262536873156,0.0,21.6
14.425,100.12500000000001,29,0.3381600088479494,0.5708596619376195,0,0,สุพรรณบุรี,รถปิคอัพบรรทุก 4 ล้อ,ทางตรง,17,0.0,0.5076977748179085,0.05604719764011799,0.0,31.86
14.425,100.17500000000001,21,0.40006614705390675,0.7375382511539555,3,0,สุพรรณบุรี,รถยนต์นั่งส่วนบุคคล/รถยนต์นั่งสาธารณะ,ทางตรง,6,0.0,0.6136751491125506,0.032448377581120944,0.23076923076923078,41.09
14.425,100.57500000000002,10,0.35115314359023614,0.589829734309337,0,2,อยุธยา,รถปิคอัพบรรทุก 4 ล้อ,ทางตรง,5,0.2,0.5299407759765808,0.0,0.0,31.8
14.425,100.87500000000001,14,0.4935795962437021,0.8968349427175939,1,1,สระบุรี,รถปิคอัพบรรทุก 4 ล้อ,ทางตรง,0,0.07142857142857142,0.7737612099390074,0.011799410029498525,0.07692307692307693,47.87
14.425,101.87500000000001,22,0.3324372626050029,0.8852478729829161,3,2,นครราชสีมา,รถปิคอัพบรรทุก 4 ล้อ,ทางโค้งกว้าง,15,0.09090909090909091,0.49790098183165765,0.035398230088495575,0.23076923076923078,34.22
14.475000000000001,100.025,14,0.48860913969912356,0.8439714233083012,2,2,สุพรรณบุรี,รถปิคอัพบรรทุก 4 ล้อ,ทางตรง,6,0.14285714285714285,0.7652522648019747,0.011799410029498525,0.15384615384615385,48.52
14.475000000000001,100.07500000000002,32,0.41806251154935653,0.8489649735970858,2,2,สุพรรณบุรี,รถยนต์นั่งส่วนบุคคล/รถยนต์นั่งสาธารณะ,ทางตรง,18,0.0625,0.6444831999997169,0.06489675516224189,0.15384615384615385,42.6
14.475000000000001,100.12500000000001,71,0.35210162758344987,0.7695189826475982,3,6,สุพรรณบุรี,รถยนต์นั่งส่วนบุคคล/รถยนต์นั่งสาธารณะ,ทางตรง,6,0.08450704225352113,0.5315644896514167,0.17994100294985252,0.23076923076923078,39.85
14.475000000000001,100.17500000000001,16,0.36101725821101144,0.6040768548160217,0,1,สุพรรณบุรี,รถปิคอัพบรรทุก 4 ล้อ,ทางตรง,13,0.0625,0.5468271946346672,0.017699115044247787,0.0,33.25
14.475000000000001,100.47500000000001,11,0.3524692573540067,0.7103742989264776,1,2,อ่างทอง,รถปิคอัพบรรทุก 4 ล้อ,ทางตรง,7,0.18181818181818182,0.5321938365776703,0.0029498525073746312,0.07692307692307693,33.16
14.475000000000001,100.525,21,0.370265832450086,0.6393789293602192,0,1,อยุธยา,รถปิคอัพบรรทุก 4 ล้อ,ทางตรง,5,0.047619047619047616,0.5626598671648989,0.032448377581120944,0.0,34.57
14.475000000000001,100.92500000000001,15,0.4285100329564275,0.7464347833901318,1,1,สระบุรี,รถปิคอัพบรรทุก 4 ล้อ,ทางตรง,13,0.06666666666666667,0.6623683551506466,0.014749262536873156,0.07692307692307693,41.26
14.475000000000001,101.87500000000001,10,0.11779120199145462,0.21275254439635874,0,0,นครราชสีมา,รถปิคอัพบรรทุก 4 ล้อ,ทางโค้งกว้าง,7,0.0,0.13044750200332972,0.0,0.0,7.83
14.475000000000001,101.92500000000001,40,0.20186519990686452,0.9440777627692803,1,1,นครราชสีมา,รถปิคอัพบรรทุก 4 ล้อ,ทางโค้งกว้าง,7,0.025,0.27437412711254916,0.08849557522123894,0.07692307692307693,19.83
14.525,100.12500000000001,21,0.3977328995183119,0.779667646384575,1,3,สุพรรณบุรี,รถจักรยานยนต์,ทางตรง,13,0.14285714285714285,0.6096808529964024,0.032448377581120944,0.07692307692307693,38.55
14.525,100.525,32,0.32912160453432177,0.7303168847159727,2,0,อยุธยา,รถปิคอัพบรรทุก 4 ล้อ,ทางตรง,8,0.0,0.49222489305318157,0.06489675516224189,0.15384615384615385,33.46
14.525,100.92500000000001,17,0.4228021974906768,0.7681373660476246,1,1,สระบุรี,รถปิคอัพบรรทุก 4 ล้อ,ทางตรง,1,0.058823529411764705,0.65259708798561,0.02064896755162242,0.07692307692307693,40.83
14.575000000000001,100.12500000000001,18,0.3807762570369685,0.6063620023766434,0,0,สุพรรณบุรี,รถยนต์นั่งส่วนบุคคล/รถยนต์นั่งสาธารณะ,ทางตรง,7,0.0,0.5806527065297759,0.02359882005899705,0.0,35.43
14.575000000000001,100.42500000000001,16,0.41193608354012307,0.8768466987997949,2,3,อ่างทอง,รถปิคอัพบรรทุก 4 ล้อ,ทางตรง,1,0.1875,0.6339953425264618,0.017699115044247787,0.15384615384615385,40.79
14.575000000000001,100.47500000000001,29,0.3645197263653591,0.7200050242446999,3,4,อ่างทอง,รถปิคอัพบรรทุก 4 ล้อ,ทางตรง,8,0.13793103448275862,0.5528230843687914,0.05604719764011799,0.23076923076923078,38.03
14.575000000000001,100.92500000000001,15,0.5339013560418665,0.9406047510220307,3,1,สระบุรี,รถบรรทุกมากกว่า 10 ล้อ (รถพ่วง),ทางตรง,11,0.06666666666666667,0.8427881974750754,0.014749262536873156,0.23076923076923078,54.4
14.575000000000001,100.97500000000001,10,0.5373833723177163,0.8980640770291527,3,0,สระบุรี,รถปิคอัพบรรทุก 4 ล้อ,ทางตรง,23,0.0,0.8487490755537254,0.0,0.23076923076923078,54.39
14.625000000000002,100.025,11,0.5202974008137566,0.7540833558746564,3,0,สุพรรณบุรี,รถปิคอัพบรรทุก 4 ล้อ,ทางตรง,16,0.0,0.8194995301978423,0.0029498525073746312,0.23076923076923078,52.71
14.625000000000002,100.12500000000001,42,0.386614234295016,0.7284149698437756,1,0,สุพรรณบุรี,รถปิคอัพบรรทุก 4 ล้อ,ไม่ระบุ,10,0.0,0.5906467639678502,0.0943952802359882,0.07692307692307693,38.95
14.625000000000002,100.17500000000001,25,0.48861300085294396,0.6779044223843416,4,1,สุพรรณบุรี,รถจักรยานยนต์,ทางตรง,7,0.04,0.7652588747271856,0.04424778761061947,0.3076923076923077,51.64
14.625000000000002,100.42500000000001,20,0.36081948527100954,0.8403916035892904,2,1,อ่างทอง,รถปิคอัพบรรทุก 4 ล้อ,ทางตรง,0,0.05,0.546488626319871,0.029498525073746312,0.15384615384615385,35.83
14.625000000000002,100.47500000000001,27,0.38102306129676833,0.8270019900132802,2,3,อ่างทอง,รถปิคอัพบรรทุก 4 ล้อ,ทางตรง,5,0.1111111111111111,0.5810752117639305,0.05014749262536873,0.15384615384615385,38.43
14.625000000000002,101.22500000000001,29,0.2598819757857386,0.546015147129426,0,0,นครราชสีมา,รถปิคอัพบรรทุก 4 ล้อ,ทางตรง,11,0.0,0.3736932859369663,0.05604719764011799,0.0,23.82
14.625000000000002,101.275,12,0.32722055677768586,0.6298906618465491,0,0,นครราชสีมา,รถปิคอัพบรรทุก 4 ล้อ,ทางตรง,3,0.0,0.48897048152799927,0.0058997050147492625,0.0,29.49
14.625000000000002,102.025,10,0.3751379157911683,0.667097353089314,1,1,นครราชสีมา,รถปิคอัพบรรทุก 4 ล้อ,ทางตรง,3,0.1,0.5710004068075879,0.0,0.07692307692307693,35.41
14.675,100.12500000000001,31,0.45281769005439004,0.9107994602597997,3,3,สุพรรณบุรี,รถจักรยานยนต์,ทางตรง,15,0.0967741935483871,0.7039807339736677,0.061946902654867256,0.23076923076923078,47.25
14.675,100.47500000000001,17,0.3707172049051801,0.6108024854354047,0,1,อ่างทอง,รถปิคอัพบรรทุก 4 ล้อ,ทางตรง,15,0.058823529411764705,0.5634325735395181,0.02064896755162242,0.0,34.32
14.675,101.37500000000001,28,0.2362548200224109,0.4623881165253118,0,0,นครราชสีมา,รถปิคอัพบรรทุก 4 ล้อ,ทางตรง,10,0.0,0.3332458601660752,0.05309734513274336,0.0,21.32
14.675,101.42500000000001,16,0.3196528391726301,0.5746758314660538,0,2,นครราชสีมา,รถปิคอัพบรรทุก 4 ล้อ,ทางตรง,10,0.125,0.4760152744285203,0.017699115044247787,0.0,29.0
14.675,101.47500000000001,31,0.37240704890934034,0.8278131886073615,2,0,นครราชสีมา,รถปิคอัพบรรทุก 4 ล้อ,ทางตรง,15,0.0,0.566325424486425,0.061946902654867256,0.15384615384615385,37.84
14.725000000000001,100.12500000000001,12,0.3745723484063861,0.7202298802194628,1,1,สุพรรณบุรี,รถปิคอัพบรรทุก 4 ล้อ,ทางตรง,10,0.08333333333333333,0.5700322096600531,0.0058997050147492625,0.07692307692307693,35.5
14.725000000000001,100.47500000000001,27,0.46896826198994995,0.8981636810438264,5,6,สิงห์บุรี,รถปิคอัพบรรทุก 4 ล้อ,ทางตรง,22,0.2222222222222222,0.7316289649357254,0.05014749262536873,0.38461538461538464,50.92
14.725000000000001,101.47500000000001,46,0.4157363283788879,0.5702431528746403,0,0,นครราชสีมา,รถปิคอัพบรรทุก 4 ล้อ,ทางตรง,15,0.0,0.6405009973994759,0.10619469026548672,0.0,41.08
14.725000000000001,101.525,10,0.37285004843939673,0.47397784507074614,0,0,นครราชสีมา,รถปิคอัพบรรทุก 4 ล้อ,ทางตรง,15,0.0,0.567083797216007,0.0,0.0,34.03
14.725000000000001,102.17500000000001,23,0.3884882103652236,0.7626008852653057,2,0,นครราชสีมา,รถยนต์นั่งส่วนบุคคล/รถยนต์นั่งสาธารณะ,ทางตรง,10,0.0,0.5938548313609553,0.038348082595870206,0.15384615384615385,38.9
14.725000000000001,102.37500000000001,10,0.46340895207939675,0.8838657143961408,2,4,นครราชสีมา,รถปิคอัพบรรทุก 4 ล้อ,ทางตรง,6,0.4,0.7221119592835473,0.0,0.15384615384615385,45.63
14.775,100.07500000000002,16,0.37608887888950476,0.5720711971374803,0,1,สุพรรณบุรี,รถปิคอัพบรรทุก 4 ล้อ,ไม่ระบุ,7,0.0625,0.5726283644727472,0.017699115044247787,0.0,34.8
14.775,100.12500000000001,10,0.4745343840240001,0.7269014411273733,3,0,สุพรรณบุรี,รถจักรยานยนต์,ทางตรง,7,0.0,0.741157632290321,0.0,0.23076923076923078,47.93
14.775,100.47500000000001,19,0.4875758178345933,0.8271447413525792,3,3,สิงห์บุรี,รถปิคอัพบรรทุก 4 ล้อ,ทางตรง,14,0.15789473684210525,0.7634833168239918,0.02654867256637168,0.23076923076923078,49.93
14.775,100.57500000000002,12,0.534528497311561,0.8482818837313144,3,3,ลพบุรี,รถจักรยานยนต์,ทางตรง,6,0.25,0.843861803211116,0.0058997050147492625,0.23076923076923078,54.24
14.775,100.62500000000001,13,0.38706042682498215,0.7809758984690378,1,1,ลพบุรี,รถยนต์นั่งส่วนบุคคล/รถยนต์นั่งสาธารณะ,ทางตรง,2,0.07692307692307693,0.5914106028071973,0.008849557522123894,0.07692307692307693,36.86
14.775,100.67500000000001,14,0.40420515561313985,0.7166754941643494,1,0,ลพบุรี,รถยนต์นั่งส่วนบุคคล/รถยนต์นั่งสาธารณะ,ทางตรง,10,0.0,0.6207607350011622,0.011799410029498525,0.07692307692307693,38.69
14.775,100.92500000000001,10,0.44030100895067054,0.6900689532869672,1,1,ลพบุรี,รถปิคอัพบรรทุก 4 ล้อ,ทางตรง,1,0.1,0.6825533757714417,0.0,0.07692307692307693,42.11
14.775,101.525,12,0.432273353314391,0.7354702670823846,1,1,นครราชสีมา,รถปิคอัพบรรทุก 4 ล้อ,ทางตรง,0,0.08333333333333333,0.6688107988521044,0.0058997050147492625,0.07692307692307693,41.43
14.775,102.025,13,0.392065232513508,0.9105786955863291,1,2,นครราชสีมา,รถปิคอัพบรรทุก 4 ล้อ,ทางตรง,6,0.15384615384615385,0.5999783503859635,0.008849557522123894,0.07692307692307693,37.37
14.825000000000001,100.12500000000001,11,0.45188518784711446,0.8343759676406597,2,0,สุพรรณบุรี,รถปิคอัพบรรทุก 4 ล้อ,ทางตรง,5,0.0,0.7023843795843461,0.0029498525073746312,0.15384615384615385,44.52
14.825000000000001,100.42500000000001,12,0.45534171417972874,0.6958880653867334,1,3,สิงห์บุรี,รถปิคอัพบรรทุก 4 ล้อ,ทางตรง,9,0.25,0.7083016213236394,0.0058997050147492625,0.07692307692307693,43.8
14.825000000000001,100.62500000000001,10,0.41660863678763305,0.6564543488974001,1,0,ลพบุรี,รถยนต์นั่งส่วนบุคคล/รถยนต์นั่งสาธารณะ,ทางตรง,0,0.0,0.6419943057758825,0.0,0.07692307692307693,39.67
14.825000000000001,100.92500000000001,10,0.47450571629345123,0.8473427560367347,3,0,ลพบุรี,รถจักรยานยนต์,ทางตรง,0,0.0,0.7411085558837059,0.0,0.23076923076923078,47.93
14.825000000000001,102.07500000000002,11,0.3015237427781123,0.4299958797930212,0,0,นครราชสีมา,รถปิคอัพบรรทุก 4 ล้อ,ทางตรง,9,0.0,0.44497999925381115,0.0029498525073746312,0.0,26.77
14.875000000000002,100.07500000000002,18,0.42937673139392046,0.715394252176194,2,2,สุพรรณบุรี,รถปิคอัพบรรทุก 4 ล้อ,ทางตรง,13,0.1111111111111111,0.6638520597940407,0.02359882005899705,0.15384615384615385,42.73
14.875000000000002,100.37500000000001,20,0.5788490888053817,0.9017925525991654,8,4,สิงห์บุรี,รถจักรยานยนต์,ทางตรง,11,0.2,0.9197344072826871,0.029498525073746312,0.6153846153846154,65.15
14.875000000000002,100.42500000000001,15,0.4764321171054629,0.7761672834019108,2,1,สิงห์บุรี,รถปิคอัพบรรทุก 4 ล้อ,ทางตรง,15,0.06666666666666667,0.7444063694093511,0.014749262536873156,0.15384615384615385,47.34
14.875000000000002,101.62500000000001,21,0.3626588594004127,0.4983986155765473,0,1,นครราชสีมา,รถยนต์นั่งส่วนบุคคล/รถยนต์นั่งสาธารณะ,ทางตรง,6,0.047619047619047616,0.5496374585072563,0.032448377581120944,0.0,33.79
14.875000000000002,101.67500000000001,12,0.40661424734047663,0.880472216740404,1,1,นครราชสีมา,รถปิคอัพบรรทุก 4 ล้อ,ทางตรง,11,0.08333333333333333,0.6248848691031587,0.0058997050147492625,0.07692307692307693,38.79
14.875000000000002,101.87500000000001,10,0.3082949286677539,0.4411835527849667,0,0,นครราชสีมา,รถปิคอัพบรรทุก 4 ล้อ,ทางตรง,16,0.0,0.4565716204119226,0.0,0.0,27.39
14.875000000000002,102.07500000000002,10,0.2949253898777986,0.48680701178815144,0,1,นครราชสีมา,รถปิคอัพบรรทุก 4 ล้อ,ทางตรง,9,0.1,0.43368425160568236,0.0,0.0,26.02
14.925,100.62500000000001,11,0.3755337615948648,0.5772789638391295,0,1,ลพบุรี,รถปิคอัพบรรทุก 4 ล้อ,ทางตรง,10,0.09090909090909091,0.5716780568777916,0.0029498525073746312,0.0,34.37
14.925,101.67500000000001,28,0.3136467664075296,0.3902606616811752,0,0,นครราชสีมา,รถปิคอัพบรรทุก 4 ล้อ,ทางตรง,3,0.0,0.4657334535959835,0.05309734513274336,0.0,29.27
14.925,101.72500000000001,19,0.3434863089189009,0.5134451934659577,0,0,นครราชสีมา,รถปิคอัพบรรทุก 4 ล้อ,ทางตรง,23,0.0,0.5168158899609798,0.02654867256637168,0.0,31.67
14.925,101.775,13,0.31142289314862903,0.5257431267495984,0,0,นครราชสีมา,รถปิคอัพบรรทุก 4 ล้อ,ทางตรง,3,0.0,0.4619263957569328,0.008849557522123894,0.0,27.94
14.925,102.07500000000002,12,0.3096646698251626,0.4633748159645856,0,0,นครราชสีมา,รถยนต์นั่งส่วนบุคคล/รถยนต์นั่งสาธารณะ,ทางตรง,3,0.0,0.458916485970206,0.0058997050147492625,0.0,27.68
14.925,103.775,10,0.4393734576085476,0.6622150432765574,1,1,สุรินทร์,รถยนต์นั่งส่วนบุคคล/รถยนต์นั่งสาธารณะ,ทางตรง,2,0.1,0.6809654967886722,0.0,0.07692307692307693,42.01
14.975000000000001,101.82500000000002,15,0.30990223915128706,0.42269863831536925,0,0,นครราชสีมา,รถปิคอัพบรรทุก 4 ล้อ,ทางตรง,14,0.0,0.4593231818831679,0.014749262536873156,0.0,27.93
14.975000000000001,101.87500000000001,13,0.33545617803483135,0.4315405612188805,0,0,นครราชสีมา,รถปิคอัพบรรทุก 4 ล้อ,ทางตรง,7,0.0,0.503069075654703,0.008849557522123894,0.0,30.41
14.975000000000001,101.92500000000001,24,0.31744365493501453,0.4296982197839976,0,0,นครราชสีมา,รถยนต์นั่งส่วนบุคคล/รถยนต์นั่งสาธารณะ,ทางตรง,7,0.0,0.47223336278582184,0.04129793510324484,0.0,29.37
14.975000000000001,101.97500000000001,43,0.3775781322054942,0.8798241283714975,1,0,นครราชสีมา,รถปิคอัพบรรทุก 4 ล้อ,ทางตรง,3,0.0,0.5751778233901015,0.09734513274336283,0.07692307692307693,38.1
14.975000000000001,102.025,15,0.2673221236521105,0.687159393456845,1,0,นครราชสีมา,รถปิคอัพบรรทุก 4 ล้อ,ทางตรง,8,0.0,0.3864301058726363,0.014749262536873156,0.07692307692307693,24.71
14.975000000000001,102.07500000000002,29,0.31635897580741895,0.8255032671983468,4,3,นครราชสีมา,อื่นๆ,ทางตรง,6,0.10344827586206896,0.47037649609657134,0.05604719764011799,0.3076923076923077,34.24
14.975000000000001,103.07500000000002,11,0.5524694314279618,0.9276405028429835,2,1,บุรีรัมย์,รถปิคอัพบรรทุก 4 ล้อ,ทางตรง,2,0.09090909090909091,0.874574962602899,0.0029498525073746312,0.15384615384615385,54.86
15.025,100.32500000000002,13,0.5470166436209409,0.8315690276806347,4,1,สิงห์บุรี,รถบรรทุกมากกว่า 10 ล้อ (รถพ่วง),ทางตรง,5,0.07692307692307693,0.8652403125807742,0.008849557522123894,0.3076923076923077,56.75
15.025,102.07500000000002,13,0.26787528186825715,0.4043989621622042,0,1,นครราชสีมา,รถปิคอัพบรรทุก 4 ล้อ,ทางตรง,6,0.07692307692307693,0.38737705971300834,0.008849557522123894,0.0,23.46
15.075000000000001,100.72500000000001,11,0.47543038305063606,0.9221778872499625,2,6,ลพบุรี,รถยนต์นั่งส่วนบุคคล/รถยนต์นั่งสาธารณะ,ทางตรง,9,0.5454545454545454,0.7426914967335774,0.0029498525073746312,0.15384615384615385,46.94
15.075000000000001,100.97500000000001,10,0.4510286411047891,0.7533731308519955,1,1,ลพบุรี,รถปิคอัพบรรทุก 4 ล้อ,ทางตรง,9,0.1,0.7009180536699389,0.0,0.07692307692307693,43.21
15.075000000000001,101.025,10,0.4874924810068089,0.5724773084889672,0,1,ลพบุรี,รถปิคอัพบรรทุก 4 ล้อ,ทางตรง,0,0.1,0.7633406521634819,0.0,0.0,45.8
15.125000000000002,102.32500000000002,10,0.4755611306635113,0.6855085776950146,1,0,นครราชสีมา,รถปิคอัพบรรทุก 4 ล้อ,ทางตรง,23,0.0,0.7429153241133714,0.0,0.07692307692307693,45.73
15.175,100.12500000000001,25,0.4752920868172201,0.9334148545248997,6,2,ชัยนาท,รถปิคอัพบรรทุก 4 ล้อ,ทางตรง,12,0.08,0.7424547468390273,0.04424778761061947,0.46153846153846156,52.58
15.175,102.32500000000002,11,0.37558946835970186,0.48364509813641654,0,0,นครราชสีมา,รถปิคอัพบรรทุก 4 ล้อ,ทางตรง,5,0.0,0.5717734215191498,0.0029498525073746312,0.0,34.38
15.225000000000001,100.12500000000001,15,0.5066775955421712,0.9315035661217471,4,4,ชัยนาท,รถยนต์นั่งส่วนบุคคล/รถยนต์นั่งสาธารณะ,ทางตรง,1,0.26666666666666666,0.7961837291655619,0.014749262536873156,0.3076923076923077,52.76
15.225000000000001,100.22500000000001,13,0.5363548127278397,0.875575474600844,3,2,ชัยนาท,รถยนต์นั่งส่วนบุคคล/รถยนต์นั่งสาธารณะ,ทางตรง,2,0.15384615384615385,0.8469882801334385,0.008849557522123894,0.23076923076923078,54.5
15.225000000000001,101.12500000000001,19,0.5725502913098947,0.8841770864641314,5,3,ลพบุรี,รถปิคอัพบรรทุก 4 ล้อ,ทางตรง,5,0.15789473684210525,0.9089514697722814,0.02654867256637168,0.38461538461538464,60.97
15.225000000000001,102.37500000000001,15,0.38538813145672257,0.5344831164404763,0,0,นครราชสีมา,รถปิคอัพบรรทุก 4 ล้อ,ทางตรง,3,0.0,0.5885477934427426,0.014749262536873156,0.0,35.68
15.275,100.07500000000002,15,0.5564792959746501,0.8554682871434182,6,3,ชัยนาท,รถจักรยานยนต์,ไม่ระบุ,13,0.2,0.8814394663217614,0.014749262536873156,0.46153846153846156,60.18
15.275,100.17500000000001,10,0.4973270297543612,0.8529200266733603,1,2,ชัยนาท,รถยนต์นั่งส่วนบุคคล/รถยนต์นั่งสาธารณะ,ทางตรง,21,0.2,0.7801764568807911,0.0,0.07692307692307693,47.96
15.275,100.32500000000002,31,0.5554167333251468,0.9458295405058009,9,3,นครสวรรค์,รถปิคอัพบรรทุก 4 ล้อ,ทางตรง,22,0.0967741935483871,0.8796204609229225,0.061946902654867256,0.6923076923076923,64.71
15.275,101.32500000000002,18,0.603994379383689,0.9036858082847765,8,1,ลพบุรี,รถจักรยานยนต์,ทางตรง,5,0.05555555555555555,0.9627807343286273,0.02359882005899705,0.6153846153846154,67.59
15.275,102.42500000000001,14,0.3415884197099466,0.8540696623854177,1,1,นครราชสีมา,รถปิคอัพบรรทุก 4 ล้อ,ทางตรง,4,0.07142857142857142,0.5135668855666505,0.011799410029498525,0.07692307692307693,32.26
15.325000000000001,100.525,11,0.4526545161148722,0.5466454753708465,0,0,นครสวรรค์,รถปิคอัพบรรทุก 4 ล้อ,ทางตรง,17,0.0,0.7037013958310446,0.0029498525073746312,0.0,42.3
15.375000000000002,100.025,14,0.3637723946558728,0.5400690932848577,0,0,อุทัยธานี,รถปิคอัพบรรทุก 4 ล้อ,ทางตรง,1,0.0,0.5515437241212664,0.011799410029498525,0.0,33.39
15.425,100.525,10,0.4402094714233364,0.5735791156100334,0,1,นครสวรรค์,รถปิคอัพบรรทุก 4 ล้อ,ทางตรง,6,0.1,0.6823966722994205,0.0,0.0,40.94
15.475000000000001,100.12500000000001,15,0.5265259413642094,0.8986187290184993,3,1,นครสวรรค์,รถจักรยานยนต์,ทางตรง,4,0.06666666666666667,0.8301621945531705,0.014749262536873156,0.23076923076923078,53.64
15.575000000000001,100.57500000000002,11,0.37970927545995353,0.5990841348602394,0,0,นครสวรรค์,รถปิคอัพบรรทุก 4 ล้อ,ทางตรง,10,0.0,0.5788261363506345,0.0029498525073746312,0.0,34.8
15.625000000000002,100.12500000000001,10,0.4197722024617027,0.6346639428832264,0,0,นครสวรรค์,รถยนต์นั่งส่วนบุคคล/รถยนต์นั่งสาธารณะ,ทางตรง,0,0.0,0.6474100269509162,0.0,0.0,38.84
15.625000000000002,100.57500000000002,10,0.42814239185252784,0.6025984036251673,0,1,นครสวรรค์,รถปิคอัพบรรทุก 4 ล้อ,ทางตรง,15,0.1,0.6617389888227965,0.0,0.0,39.7
15.675,100.12500000000001,13,0.33546496724290736,0.5219576255230679,0,0,นครสวรรค์,รถปิคอัพบรรทุก 4 ล้อ,ทางตรง,2,0.0,0.5030841219363968,0.008849557522123894,0.0,30.41
15.775,104.17500000000001,11,0.5272464125924167,0.8789735886093167,1,0,ยโสธร,รถยนต์นั่งส่วนบุคคล/รถยนต์นั่งสาธารณะ,ทางตรง,16,0.0,0.8313955722315879,0.0029498525073746312,0.07692307692307693,51.11
15.825000000000001,100.12500000000001,28,0.45689049931162806,0.8361721821664685,2,1,นครสวรรค์,รถยนต์นั่งส่วนบุคคล/รถยนต์นั่งสาธารณะ,ทางตรง,12,0.03571428571428571,0.7109529930031198,0.05309734513274336,0.15384615384615385,46.29
15.825000000000001,104.12500000000001,10,0.5018305199582433,0.8837089392211034,1,5,ยโสธร,รถยนต์นั่งส่วนบุคคล/รถยนต์นั่งสาธารณะ,ทางตรง,14,0.5,0.7878860004058812,0.0,0.07692307692307693,48.43
15.875000000000002,104.67500000000001,13,0.45249798887119635,0.8746235109649548,1,1,อำนาจเจริญ,รถปิคอัพบรรทุก 4 ล้อ,ทางตรง,19,0.07692307692307693,0.7034334361945518,0.008849557522123894,0.07692307692307693,43.58
15.925,100.12500000000001,22,0.4821399062385545,0.5895423651742596,0,0,นครสวรรค์,รถยนต์นั่งส่วนบุคคล/รถยนต์นั่งสาธารณะ,ทางตรง,9,0.0,0.7541775572573169,0.035398230088495575,0.0,46.14
15.975000000000001,102.67500000000001,11,0.45876254574341196,0.5703602447558475,0,0,ขอนแก่น,รถปิคอัพบรรทุก 4 ล้อ,ทางตรง,6,0.0,0.7141577570402184,0.0029498525073746312,0.0,42.92
16.025,99.775,12,0.48573876669900357,0.6302771138255713,0,2,กำแพงเพชร,รถปิคอัพบรรทุก 4 ล้อ,ทางตรง,2,0.16666666666666666,0.7603384613793333,0.0058997050147492625,0.0,45.77
16.025,100.12500000000001,17,0.5304399585153776,0.8849494162097586,1,0,นครสวรรค์,รถปิคอัพบรรทุก 4 ล้อ,ทางตรง,9,0.0,0.8368626167188208,0.02064896755162242,0.07692307692307693,51.88
16.025,103.67500000000001,14,0.5028414688256528,0.8794797539029016,2,2,ร้อยเอ็ด,รถยนต์นั่งส่วนบุคคล/รถยนต์นั่งสาธารณะ,ทางตรง,3,0.14285714285714285,0.7896166479574659,0.011799410029498525,0.15384615384615385,49.98
16.075,103.67500000000001,12,0.5872114877730198,0.8849971290113103,3,3,ร้อยเอ็ด,รถปิคอัพบรรทุก 4 ล้อ,ทางตรง,13,0.25,0.9340500326968602,0.0058997050147492625,0.23076923076923078,59.65
16.175,103.275,16,0.5617454469591774,0.8934175031238862,3,2,มหาสารคาม,รถยนต์นั่งส่วนบุคคล/รถยนต์นั่งสาธารณะ,ทางตรง,0,0.125,0.8904546119947577,0.017699115044247787,0.23076923076923078,57.33
16.224999999999998,103.275,13,0.4721169051185034,0.944902133482993,2,5,มหาสารคาม,รถยนต์นั่งส่วนบุคคล/รถยนต์นั่งสาธารณะ,ทางตรง,1,0.38461538461538464,0.7370191401433084,0.008849557522123894,0.15384615384615385,46.75
16.325,99.62500000000001,14,0.5279466779773244,0.6092005850808658,0,0,กำแพงเพชร,รถบรรทุก 6 ล้อ,ทางตรง,5,0.0,0.8325943594432057,0.011799410029498525,0.0,50.25
16.375,102.82500000000002,13,0.4874858060499975,0.6113825217382627,0,2,ขอนแก่น,รถยนต์นั่งส่วนบุคคล/รถยนต์นั่งสาธารณะ,ทางตรง,10,0.15384615384615385,0.7633292252772812,0.008849557522123894,0.0,46.02
16.425,100.525,14,0.6139323923172854,0.8519155316368644,4,0,พิจิตร,รถปิคอัพบรรทุก 4 ล้อ,ทางตรง,2,0.0,0.9797936598143812,0.011799410029498525,0.3076923076923077,63.7
16.425,103.07500000000002,10,0.5679978406429964,0.9265358224724576,2,3,มหาสารคาม,รถปิคอัพบรรทุก 4 ล้อ,ทางตรง,10,0.3,0.901158110627851,0.0,0.15384615384615385,56.38
16.525,101.17500000000001,12,0.4736145376656548,0.763687936620367,2,3,เพชรบูรณ์,รถปิคอัพบรรทุก 4 ล้อ,ทางตรง,7,0.25,0.7395829435011801,0.0058997050147492625,0.15384615384615385,46.83
16.525,102.82500000000002,11,0.444618349242516,0.8660067118596955,1,1,ขอนแก่น,รถปิคอัพบรรทุก 4 ล้อ,ทางตรง,8,0.09090909090909091,0.6899442484914301,0.0029498525073746312,0.07692307692307693,42.62
16.525,104.67500000000001,21,0.5313860513778156,0.9401316424177061,5,5,มุกดาหาร,รถยนต์นั่งส่วนบุคคล/รถยนต์นั่งสาธารณะ,ทางตรง,2,0.23809523809523808,0.838482237006982,0.032448377581120944,0.38461538461538464,56.89
16.575,98.62500000000001,12,0.3611357694270965,0.5465170264265223,0,0,ตาก,รถปิคอัพบรรทุก 4 ล้อ,ทางตรง,17,0.0,0.5470300744761359,0.0058997050147492625,0.0,32.97
16.675,99.57500000000002,12,0.5620627490944117,0.8296014081502728,3,1,กำแพงเพชร,รถปิคอัพบรรทุก 4 ล้อ,ทางตรง,8,0.08333333333333333,0.8909978028337394,0.0058997050147492625,0.23076923076923078,57.07
16.724999999999998,98.57500000000002,31,0.36530492942002835,0.8960426489437736,2,2,ตาก,รถยนต์นั่งส่วนบุคคล/รถยนต์นั่งสาธารณะ,ทางตรง,14,0.06451612903225806,0.5541672767289275,0.061946902654867256,0.15384615384615385,37.11
16.724999999999998,98.62500000000001,20,0.27736681913537564,0.814499898090406,2,2,ตาก,รถปิคอัพบรรทุก 4 ล้อ,ทางโค้งกว้าง,14,0.1,0.40362566165684854,0.029498525073746312,0.15384615384615385,27.26
16.724999999999998,99.22500000000001,10,0.26272645633977465,0.43801840722866214,0,0,ตาก,รถปิคอัพบรรทุก 4 ล้อ,ทางตรง,4,0.0,0.3785627639739585,0.0,0.0,22.71
16.724999999999998,101.17500000000001,13,0.40146327145549304,0.8188772625230892,1,2,เพชรบูรณ์,รถจักรยานยนต์,ทางตรง,7,0.15384615384615385,0.6160668921599118,0.008849557522123894,0.07692307692307693,38.34
16.724999999999998,101.37500000000001,11,0.2503291400578531,0.40584468025696513,0,0,เพชรบูรณ์,รถบรรทุก 6 ล้อ,ทางโค้งกว้าง,11,0.0,0.35733974690435516,0.0029498525073746312,0.0,21.51
16.775,98.57500000000002,13,0.38311688152794626,0.7574415498414011,3,3,ตาก,รถปิคอัพบรรทุก 4 ล้อ,ทางตรง,7,0.23076923076923078,0.5846596312863855,0.008849557522123894,0.23076923076923078,38.76
16.775,98.62500000000001,21,0.21051630205682223,0.5693994205410671,0,0,ตาก,รถปิคอัพบรรทุก 4 ล้อ,ทางตรง,22,0.0,0.2891839846998057,0.032448377581120944,0.0,18.16
16.775,98.67500000000001,19,0.22315572486648164,0.3774628765053575,0,1,ตาก,รถปิคอัพบรรทุก 4 ล้อ,ทางตรง,12,0.05263157894736842,0.3108214649365977,0.02654867256637168,0.0,19.31
16.775,98.87500000000001,11,0.29738004140854696,0.35769318335656175,0,1,ตาก,รถบรรทุกมากกว่า 10 ล้อ (รถพ่วง),ทางโค้งกว้าง,8,0.09090909090909091,0.43788637972376293,0.0029498525073746312,0.0,26.35
16.775,101.07500000000002,15,0.19427009044650942,0.3802662164469693,0,0,เพชรบูรณ์,รถปิคอัพบรรทุก 4 ล้อ,ทางโค้งกว้าง,14,0.0,0.26137202778257723,0.014749262536873156,0.0,16.05
16.775,101.22500000000001,19,0.433431109268684,0.8414921875644636,5,2,เพชรบูรณ์,รถจักรยานยนต์,ทางตรง,23,0.10526315789473684,0.6707927660635263,0.02654867256637168,0.38461538461538464,46.68
16.775,101.525,10,0.22648316441913616,0.6381589471871814,0,2,เพชรบูรณ์,รถปิคอัพบรรทุก 4 ล้อ,ทางโค้งกว้าง,16,0.2,0.31651772248284094,0.0,0.0,18.99
16.825,98.97500000000001,19,0.3730944690138682,0.532399141757838,0,1,ตาก,รถบรรทุกมากกว่า 10 ล้อ (รถพ่วง),ทางโค้งกว้าง,21,0.05263157894736842,0.5675022218093793,0.02654867256637168,0.0,34.71
16.825,103.87500000000001,17,0.4080308231169697,0.7928967534876858,1,0,สกลนคร,รถปิคอัพบรรทุก 4 ล้อ,ทางโค้งกว้าง,17,0.0,0.6273099110397543,0.02064896755162242,0.07692307692307693,39.31
16.875,99.12500000000001,30,0.44073180330753225,0.8721658007760577,3,6,ตาก,รถปิคอัพบรรทุก 4 ล้อ,ทางตรง,13,0.2,0.6832908544145007,0.058997050147492625,0.23076923076923078,45.93
16.875,100.22500000000001,19,0.4578720623073497,0.9210605830020954,2,6,พิษณุโลก,รถปิคอัพบรรทุก 4 ล้อ,ทางตรง,2,0.3157894736842105,0.7126333347593005,0.02654867256637168,0.15384615384615385,45.73
16.925,99.12500000000001,19,0.4123098166472903,0.8704771591326236,2,4,ตาก,รถปิคอัพบรรทุก 4 ล้อ,ทางตรง,5,0.21052631578947367,0.6346351377799274,0.02654867256637168,0.15384615384615385,41.05
16.925,102.275,10,0.511045680400487,0.8998165558010298,2,2,หนองบัวลำภู,รถบรรทุกมากกว่า 10 ล้อ (รถพ่วง),ทางตรง,15,0.2,0.8036614717189805,0.0,0.15384615384615385,50.53
17.025,99.82500000000002,10,0.3351948566350089,0.4110570011482112,0,1,สุโขทัย,รถปิคอัพบรรทุก 4 ล้อ,ทางตรง,0,0.1,0.5026217184684407,0.0,0.0,30.16
17.125,104.025,15,0.4702490621688511,0.7957977194450137,1,1,สกลนคร,รถปิคอัพบรรทุก 4 ล้อ,ทางโค้งกว้าง,14,0.06666666666666667,0.7338215720646738,0.014749262536873156,0.07692307692307693,45.55
17.175,104.07500000000002,10,0.4391052323986481,0.7255139536487338,1,1,สกลนคร,รถยนต์นั่งส่วนบุคคล/รถยนต์นั่งสาธารณะ,ไม่ระบุ,0,0.1,0.6805063209413563,0.0,0.07692307692307693,41.98
17.224999999999998,102.47500000000001,13,0.4152122474444845,0.5066759822433253,0,0,หนองบัวลำภู,รถปิคอัพบรรทุก 4 ล้อ,ทางโค้งกว้าง,23,0.0,0.639603821078104,0.008849557522123894,0.0,38.6
17.275,100.22500000000001,11,0.27630867848046964,0.3848396455385982,0,1,อุตรดิตถ์,รถปิคอัพบรรทุก 4 ล้อ,ทางตรง,2,0.09090909090909091,0.4018142262888682,0.0029498525073746312,0.0,24.18
17.275,101.12500000000001,18,0.3917440131391054,0.8619953696900694,1,1,เลย,รถปิคอัพบรรทุก 4 ล้อ,ทางโค้งกว้าง,14,0.05555555555555555,0.5994284536090315,0.02359882005899705,0.07692307692307693,37.71
17.275,102.22500000000001,10,0.3858822307484024,0.48141334160286214,0,0,หนองบัวลำภู,รถบรรทุกมากกว่า 10 ล้อ (รถพ่วง),ทางตรง,14,0.0,0.5893936440658077,0.0,0.0,35.36
17.325,100.22500000000001,11,0.3195220606017346,0.7500085761310749,1,2,อุตรดิตถ์,รถปิคอัพบรรทุก 4 ล้อ,ทางตรง,5,0.18181818181818182,0.4757913940515632,0.0029498525073746312,0.07692307692307693,29.78
17.325,101.775,10,0.41915945110304076,0.578342433299121,0,0,เลย,รถปิคอัพบรรทุก 4 ล้อ,ทางตรง,14,0.0,0.6463610553631485,0.0,0.0,38.78
17.325,101.92500000000001,11,0.40027462827950855,0.5671465789218724,0,1,เลย,รถปิคอัพบรรทุก 4 ล้อ,ทางโค้งกว้าง,21,0.09090909090909091,0.614032048985799,0.0029498525073746312,0.0,36.92
17.375,100.22500000000001,20,0.2191777359575086,0.4237845368235245,0,2,อุตรดิตถ์,รถบรรทุกมากกว่า 10 ล้อ (รถพ่วง),ทางตรง,7,0.1,0.30401152925390956,0.029498525073746312,0.0,18.98
17.375,103.12500000000001,12,0.49164238252263237,0.8811883457423882,1,0,อุดรธานี,รถปิคอัพบรรทุก 4 ล้อ,ทางตรง,3,0.0,0.7704448857495789,0.0058997050147492625,0.07692307692307693,47.53
17.425,101.47500000000001,11,0.4094576295400898,0.5754311709085703,0,0,เลย,รถปิคอัพบรรทุก 4 ล้อ,ทางโค้งกว้าง,15,0.0,0.629752466862667,0.0029498525073746312,0.0,37.86
17.425,102.82500000000002,12,0.5987920829906542,0.8833722708454225,5,1,อุดรธานี,รถจักรยานยนต์,ทางตรง,20,0.08333333333333333,0.9538749015951737,0.0058997050147492625,0.38461538461538464,63.15
17.625,101.72500000000001,10,0.42072088666216995,0.8321361391136762,1,1,เลย,รถปิคอัพบรรทุก 4 ล้อ,ทางตรง,17,0.1,0.6490340833613781,0.0,0.07692307692307693,40.1
17.724999999999998,101.72500000000001,11,0.47527785470727957,0.7859987108341142,1,5,เลย,รถปิคอัพบรรทุก 4 ล้อ,ทางตรง,9,0.45454545454545453,0.7424303828310972,0.0029498525073746312,0.07692307692307693,45.77
17.825,100.07500000000002,28,0.16946645324518725,0.3607678161298798,0,0,อุตรดิตถ์,รถปิคอัพบรรทุก 4 ล้อ,ทางโค้งกว้าง,14,0.0,0.21891057856718954,0.05309734513274336,0.0,14.46
17.875,100.025,34,0.2297040034015812,0.46935948565575925,0,1,แพร่,รถปิคอัพบรรทุก 4 ล้อ,ทางโค้งกว้าง,14,0.029411764705882353,0.3220314900716017,0.07079646017699115,0.0,21.09
17.875,100.07500000000002,17,0.2040235309574762,0.36662210154296676,0,0,แพร่,รถปิคอัพบรรทุก 4 ล้อ,ทางโค้งกว้าง,7,0.0,0.2780689829738765,0.02064896755162242,0.0,17.2
17.925,100.07500000000002,25,0.24234637084747085,0.6434275526448167,0,0,แพร่,รถปิคอัพบรรทุก 4 ล้อ,ทางโค้งกว้าง,14,0.0,0.3436740112433474,0.04424778761061947,0.0,21.73
17.974999999999998,99.82500000000002,21,0.1843833515504349,0.3169984029550133,0,0,แพร่,รถปิคอัพบรรทุก 4 ล้อ,ทางโค้งกว้าง,14,0.0,0.24444687853393846,0.032448377581120944,0.0,15.48
17.974999999999998,100.07500000000002,19,0.3950915324542015,0.7141271729190806,3,1,แพร่,รถปิคอัพบรรทุก 4 ล้อ,ทางตรง,9,0.05263157894736842,0.6051590857837316,0.02654867256637168,0.23076923076923078,40.43
18.025,99.67500000000001,23,0.13512293322017369,0.29230052915965893,0,1,แพร่,รถปิคอัพบรรทุก 4 ล้อ,ทางโค้งกว้าง,19,0.043478260869565216,0.16011776444950732,0.038348082595870206,0.0,10.57
18.025,99.72500000000001,23,0.21106725497850723,0.5765688702327769,0,0,แพร่,รถปิคอัพบรรทุก 4 ล้อ,ทางโค้งกว้าง,12,0.0,0.2901271632874586,0.038348082595870206,0.0,18.37
18.075,99.67500000000001,34,0.1343757908644722,0.35986852396303043,0,1,แพร่,รถปิคอัพบรรทุก 4 ล้อ,ทางโค้งกว้าง,15,0.029411764705882353,0.1588387283575106,0.07079646017699115,0.0,11.3
18.075,100.12500000000001,12,0.3268995290107537,0.5057398190438331,0,3,แพร่,รถปิคอัพบรรทุก 4 ล้อ,ทางตรง,11,0.25,0.48842091276468935,0.0058997050147492625,0.0,29.45
18.125,100.12500000000001,11,0.34602622709519787,0.814060932731314,2,2,แพร่,รถปิคอัพบรรทุก 4 ล้อ,ทางตรง,2,0.18181818181818182,0.5211639864025905,0.0029498525073746312,0.15384615384615385,33.65
18.125,100.17500000000001,42,0.41031184385488767,0.8249606811337585,8,9,แพร่,รถจักรยานยนต์,ทางตรง,12,0.21428571428571427,0.6312147998847333,0.0943952802359882,0.6153846153846154,49.46
18.175,100.17500000000001,75,0.36251192536439253,0.776393994710057,3,5,แพร่,รถยนต์นั่งส่วนบุคคล/รถยนต์นั่งสาธารณะ,ทางตรง,0,0.06666666666666667,0.5493859215226664,0.19174041297935104,0.23076923076923078,41.22
18.224999999999998,100.17500000000001,11,0.34071675871257423,0.7347643018750919,1,1,แพร่,รถยนต์นั่งส่วนบุคคล/รถยนต์นั่งสาธารณะ,ทางตรง,10,0.09090909090909091,0.5120746854964532,0.0029498525073746312,0.07692307692307693,31.95
18.224999999999998,100.22500000000001,18,0.3559937628509277,0.8266125577651097,2,2,แพร่,รถยนต์นั่งส่วนบุคคล/รถยนต์นั่งสาธารณะ,ทางตรง,23,0.1111111111111111,0.5382274521297833,0.02359882005899705,0.15384615384615385,35.19
18.275,99.47500000000001,10,0.41195811471174937,0.5600644125973906,0,0,ลำปาง,รถปิคอัพบรรทุก 4 ล้อ,ทางตรง,7,0.0,0.634033057780381,0.0,0.0,38.04
18.275,100.275,16,0.3467267657944817,0.7645977169788092,2,1,แพร่,รถปิคอัพบรรทุก 4 ล้อ,ทางตรง,7,0.0625,0.5223632415022205,0.017699115044247787,0.15384615384615385,34.09
18.325,100.275,10,0.2907848108019577,0.503555211923107,0,0,แพร่,รถปิคอัพบรรทุก 4 ล้อ,ทางตรง,8,0.0,0.42659597714318775,0.0,0.0,25.6
18.325,100.32500000000002,19,0.4207699572318968,0.7647525691946129,2,1,แพร่,รถปิคอัพบรรทุก 4 ล้อ,ทางตรง,17,0.05263157894736842,0.6491180874728524,0.02654867256637168,0.15384615384615385,41.92
18.375,99.57500000000002,11,0.49761840398419427,0.8845589278158889,2,3,ลำปาง,รถปิคอัพบรรทุก 4 ล้อ,ทางตรง,2,0.2727272727272727,0.7806752616311714,0.0029498525073746312,0.15384615384615385,49.22
18.375,100.37500000000001,10,0.31631180895582406,0.6664468730168753,2,0,แพร่,รถปิคอัพบรรทุก 4 ล้อ,ทางโค้งกว้าง,8,0.0,0.4702957509680488,0.0,0.15384615384615385,30.53
18.425,99.72500000000001,10,0.23576799245084512,0.3821669341644983,0,0,ลำปาง,รถปิคอัพบรรทุก 4 ล้อ,ทางโค้งกว้าง,14,0.0,0.3324124580307791,0.0,0.0,19.94
18.474999999999998,99.12500000000001,10,0.38952997728967126,0.5740833360868282,0,0,ลำพูน,รถปิคอัพบรรทุก 4 ล้อ,ทางตรง,3,0.0,0.5956382364719746,0.0,0.0,35.74
18.525,98.87500000000001,10,0.5305113354391441,0.9499557125445616,2,2,เชียงใหม่,รถปิคอัพบรรทุก 4 ล้อ,ทางตรง,2,0.2,0.8369848071701268,0.0,0.15384615384615385,52.53
18.525,99.07500000000002,16,0.4059462877875902,0.5123520142897194,0,1,ลำพูน,รถปิคอัพบรรทุก 4 ล้อ,ทางตรง,6,0.0625,0.6237413863791286,0.017699115044247787,0.0,37.87
18.525,100.12500000000001,22,0.23735066570974925,0.6261027346145815,0,0,แพร่,รถปิคอัพบรรทุก 4 ล้อ,ทางโค้งกว้าง,10,0.0,0.3351218429351805,0.035398230088495575,0.0,20.99
18.575,99.025,24,0.46814390922139565,0.8624942006917732,2,4,ลำพูน,รถปิคอัพบรรทุก 4 ล้อ,ทางตรง,20,0.16666666666666666,0.7302177520183042,0.04129793510324484,0.15384615384615385,47.15
18.575,100.07500000000002,13,0.216379080965292,0.3309435249252498,0,0,ลำปาง,รถปิคอัพบรรทุก 4 ล้อ,ทางโค้งกว้าง,13,0.0,0.29922050018592017,0.008849557522123894,0.0,18.17
18.575,100.72500000000001,12,0.2902885065986172,0.771630752286252,1,0,น่าน,รถปิคอัพบรรทุก 4 ล้อ,ทางตรง,7,0.0,0.425746351922722,0.0058997050147492625,0.07692307692307693,26.85
18.724999999999998,98.92500000000001,19,0.3518839831752562,0.8571999883666408,2,4,เชียงใหม่,รถปิคอัพบรรทุก 4 ล้อ,ทางตรง,16,0.21052631578947367,0.5311919032879523,0.02654867256637168,0.15384615384615385,34.84
18.724999999999998,98.97500000000001,14,0.25372269251493995,0.5939150462597431,0,2,เชียงใหม่,รถปิคอัพบรรทุก 4 ล้อ,ทางตรง,0,0.14285714285714285,0.3631491834054126,0.011799410029498525,0.0,22.08
18.724999999999998,99.025,31,0.29498221611986436,0.6078031418601623,0,6,เชียงใหม่,รถยนต์นั่งส่วนบุคคล/รถยนต์นั่งสาธารณะ,ทางตรง,0,0.1935483870967742,0.4337815326847431,0.061946902654867256,0.0,27.58
18.724999999999998,99.07500000000002,10,0.2724602381951585,0.4619894937588687,0,0,เชียงใหม่,รถยนต์นั่งส่วนบุคคล/รถยนต์นั่งสาธารณะ,ทางตรง,0,0.0,0.3952260654313759,0.0,0.0,23.71
18.775,99.025,18,0.18828661878244735,0.3188873340507465,0,2,เชียงใหม่,รถยนต์นั่งส่วนบุคคล/รถยนต์นั่งสาธารณะ,ทางตรง,3,0.1111111111111111,0.2511288978684798,0.02359882005899705,0.0,15.66
18.775,99.07500000000002,19,0.27667569818186033,0.45290241816211596,0,3,เชียงใหม่,รถยนต์นั่งส่วนบุคคล/รถยนต์นั่งสาธารณะ,ทางตรง,2,0.15789473684210525,0.4024425288351906,0.02654867256637168,0.0,24.81
18.775,100.775,18,0.2476527287355411,0.4786762158632312,0,0,น่าน,รถปิคอัพบรรทุก 4 ล้อ,ทางตรง,3,0.0,0.3527579872809809,0.02359882005899705,0.0,21.76
18.825,98.97500000000001,16,0.2039541908371222,0.4333521200182158,0,2,เชียงใหม่,รถยนต์นั่งส่วนบุคคล/รถยนต์นั่งสาธารณะ,ทางตรง,0,0.125,0.27795027933476496,0.017699115044247787,0.0,17.12
18.825,99.025,47,0.2392047745464572,0.6410420866469667,0,6,เชียงใหม่,รถยนต์นั่งส่วนบุคคล/รถยนต์นั่งสาธารณะ,ทางตรง,4,0.1276595744680851,0.3382958995290045,0.10914454277286136,0.0,23.03
18.875,99.025,33,0.20593233713772333,0.4662602184125375,0,2,เชียงใหม่,รถจักรยานยนต์,ทางตรง,13,0.06060606060606061,0.2813366761765598,0.06784660766961652,0.0,18.58
18.925,98.92500000000001,11,0.19015540255489008,0.2491904656270747,0,0,เชียงใหม่,รถปิคอัพบรรทุก 4 ล้อ,ทางตรง,17,0.0,0.25432807654554446,0.0029498525073746312,0.0,15.33
18.925,98.97500000000001,21,0.21506145588651956,0.7120550708908404,1,1,เชียงใหม่,รถจักรยานยนต์,ทางตรง,7,0.047619047619047616,0.29696485235842196,0.032448377581120944,0.07692307692307693,19.78
19.125,99.92500000000001,16,0.4305624809627476,0.7273546048373009,1,1,พะเยา,รถปิคอัพบรรทุก 4 ล้อ,ทางตรง,0,0.0625,0.6658819493900809,0.017699115044247787,0.07692307692307693,41.55
19.125,100.82500000000002,10,0.31949053371472486,0.7642052253470482,1,0,น่าน,รถปิคอัพบรรทุก 4 ล้อ,ทางตรง,14,0.0,0.4757374230431656,0.0,0.07692307692307693,29.7
19.175,99.92500000000001,15,0.4303715182877706,0.7575154520391014,2,3,พะเยา,รถยนต์นั่งส่วนบุคคล/รถยนต์นั่งสาธารณะ,ทางตรง,3,0.2,0.6655550395961763,0.014749262536873156,0.15384615384615385,42.61
19.825,99.87500000000001,15,0.5896817453733175,0.8635685362762002,3,1,เชียงราย,รถยนต์นั่งส่วนบุคคล/รถยนต์นั่งสาธารณะ,ทางตรง,9,0.06666666666666667,0.9382788769100135,0.014749262536873156,0.23076923076923078,60.13
